file_name,file_path,sample_rate,duration,rms_4s,rms_5s,energy_ratio_4s_to_5s,peak_4s,peak_5s,global_peak,peak_ratio_4s_to_global,classification
cycle_002737_ABNORMAL.wav,C:\Users\Z0343409\OneDrive - ZF Friedrichshafen AG\Desktop\实验音频\cangku\realtime_wav\abnormal\cycle_002737_ABNORMAL.wav,44100,8.0,1.592252181243747e-05,0.0034131717345080017,0.004665022170275488,6.103515625e-05,0.03497314453125,0.03497314453125,0.0017452006980802793,保留
cycle_002767_ABNORMAL.wav,C:\Users\Z0343409\OneDrive - ZF Friedrichshafen AG\Desktop\实验音频\cangku\realtime_wav\abnormal\cycle_002767_ABNORMAL.wav,44100,8.0,2.8190181981565e-05,0.003131889595151401,0.00900101396460696,0.00030517578125,0.03143310546875,0.03143310546875,0.009708737864077669,保留
cycle_002796_ABNORMAL.wav,C:\Users\Z0343409\OneDrive - ZF Friedrichshafen AG\Desktop\实验音频\cangku\realtime_wav\abnormal\cycle_002796_ABNORMAL.wav,44100,8.0,1.5249270976020667e-05,0.003133572644381491,0.004866416932558648,6.103515625e-05,0.01885986328125,0.01885986328125,0.003236245954692557,保留
cycle_002799_ABNORMAL.wav,C:\Users\Z0343409\OneDrive - ZF Friedrichshafen AG\Desktop\实验音频\cangku\realtime_wav\abnormal\cycle_002799_ABNORMAL.wav,44100,8.0,1.9191283039456818e-05,0.0032097518126691454,0.005979055129342804,0.000152587890625,0.019500732421875,0.019500732421875,0.00782472613458529,保留
cycle_002800_ABNORMAL.wav,C:\Users\Z0343409\OneDrive - ZF Friedrichshafen AG\Desktop\实验音频\cangku\realtime_wav\abnormal\cycle_002800_ABNORMAL.wav,44100,8.0,1.626208738698425e-05,0.0034719953221518207,0.004683787239927956,6.103515625e-05,0.018402099609375,0.018402099609375,0.003316749585406302,保留
cycle_002802_ABNORMAL.wav,C:\Users\Z0343409\OneDrive - ZF Friedrichshafen AG\Desktop\实验音频\cangku\realtime_wav\abnormal\cycle_002802_ABNORMAL.wav,44100,8.0,1.998438962173274e-05,0.003406945186442283,0.005865779614318223,9.1552734375e-05,0.020172119140625,0.020172119140625,0.0045385779122541605,保留
cycle_002806_ABNORMAL.wav,C:\Users\Z0343409\OneDrive - ZF Friedrichshafen AG\Desktop\实验音频\cangku\realtime_wav\abnormal\cycle_002806_ABNORMAL.wav,44100,8.0,0.000264313700290842,0.003672287015079324,0.0719752293885266,0.00152587890625,0.024017333984375,0.024017333984375,0.06353240152477764,保留
cycle_002812_ABNORMAL.wav,C:\Users\Z0343409\OneDrive - ZF Friedrichshafen AG\Desktop\实验音频\cangku\realtime_wav\abnormal\cycle_002812_ABNORMAL.wav,44100,8.0,1.5343325936887975e-05,0.0032603481939086146,0.004706039056059801,6.103515625e-05,0.019134521484375,0.019134521484375,0.003189792663476874,保留
cycle_002817_ABNORMAL.wav,C:\Users\Z0343409\OneDrive - ZF Friedrichshafen AG\Desktop\实验音频\cangku\realtime_wav\abnormal\cycle_002817_ABNORMAL.wav,44100,8.0,1.5225016269272681e-05,0.003405971605679545,0.004470094889776702,6.103515625e-05,0.0203857421875,0.0203857421875,0.0029940119760479044,保留
cycle_002820_ABNORMAL.wav,C:\Users\Z0343409\OneDrive - ZF Friedrichshafen AG\Desktop\实验音频\cangku\realtime_wav\abnormal\cycle_002820_ABNORMAL.wav,44100,8.0,2.0354132669406235e-05,0.0034157327939034316,0.005958935870433219,0.00018310546875,0.02557373046875,0.02557373046875,0.007159904534606206,保留
cycle_002831_ABNORMAL.wav,C:\Users\Z0343409\OneDrive - ZF Friedrichshafen AG\Desktop\实验音频\cangku\realtime_wav\abnormal\cycle_002831_ABNORMAL.wav,44100,8.0,2.2005578882378722e-05,0.0032789275337904915,0.00671121232647064,0.0001220703125,0.0252685546875,0.0252685546875,0.004830917874396135,保留
cycle_002833_ABNORMAL.wav,C:\Users\Z0343409\OneDrive - ZF Friedrichshafen AG\Desktop\实验音频\cangku\realtime_wav\abnormal\cycle_002833_ABNORMAL.wav,44100,8.0,3.136477429355805e-05,0.0034860487366431565,0.008997227710522583,0.00018310546875,0.028045654296875,0.028045654296875,0.006528835690968444,保留
cycle_002841_ABNORMAL.wav,C:\Users\Z0343409\OneDrive - ZF Friedrichshafen AG\Desktop\实验音频\cangku\realtime_wav\abnormal\cycle_002841_ABNORMAL.wav,44100,8.0,5.800711309238705e-05,0.0036097609613858495,0.016069516434162198,0.000518798828125,0.03155517578125,0.03155517578125,0.01644100580270793,保留
cycle_002843_ABNORMAL.wav,C:\Users\Z0343409\OneDrive - ZF Friedrichshafen AG\Desktop\实验音频\cangku\realtime_wav\abnormal\cycle_002843_ABNORMAL.wav,44100,8.0,0.00011022086182067756,0.0031141838526256046,0.035393177486213304,0.0009765625,0.03546142578125,0.03546142578125,0.027538726333907058,保留
cycle_002849_ABNORMAL.wav,C:\Users\Z0343409\OneDrive - ZF Friedrichshafen AG\Desktop\实验音频\cangku\realtime_wav\abnormal\cycle_002849_ABNORMAL.wav,44100,8.0,1.6592319831771466e-05,0.0036599210413206565,0.004533518522515515,6.103515625e-05,0.030029296875,0.030029296875,0.0020325203252032522,保留
cycle_002873_ABNORMAL.wav,C:\Users\Z0343409\OneDrive - ZF Friedrichshafen AG\Desktop\实验音频\cangku\realtime_wav\abnormal\cycle_002873_ABNORMAL.wav,44100,8.0,0.00022089403668086604,0.0035752599180826376,0.06178404975919302,0.00115966796875,0.030242919921875,0.030242919921875,0.03834510595358224,保留
cycle_002874_ABNORMAL.wav,C:\Users\Z0343409\OneDrive - ZF Friedrichshafen AG\Desktop\实验音频\cangku\realtime_wav\abnormal\cycle_002874_ABNORMAL.wav,44100,8.0,1.4773588930973493e-05,0.003031025594380234,0.004874122131586391,6.103515625e-05,0.02655029296875,0.02655029296875,0.0022988505747126436,保留
cycle_002879_ABNORMAL.wav,C:\Users\Z0343409\OneDrive - ZF Friedrichshafen AG\Desktop\实验音频\cangku\realtime_wav\abnormal\cycle_002879_ABNORMAL.wav,44100,8.0,3.495850252601236e-05,0.0033063373747674167,0.01057318070224806,0.000335693359375,0.0279541015625,0.0279541015625,0.012008733624454149,保留
cycle_002890_ABNORMAL.wav,C:\Users\Z0343409\OneDrive - ZF Friedrichshafen AG\Desktop\实验音频\cangku\realtime_wav\abnormal\cycle_002890_ABNORMAL.wav,44100,8.0,1.7645531710061052e-05,0.0034650025931551713,0.005092501732875569,0.0001220703125,0.0263671875,0.0263671875,0.004629629629629629,保留
cycle_002903_ABNORMAL.wav,C:\Users\Z0343409\OneDrive - ZF Friedrichshafen AG\Desktop\实验音频\cangku\realtime_wav\abnormal\cycle_002903_ABNORMAL.wav,44100,8.0,0.0001730541798017789,0.0033170683154129126,0.052170821745718826,0.00115966796875,0.02764892578125,0.02764892578125,0.04194260485651214,保留
cycle_002906_ABNORMAL.wav,C:\Users\Z0343409\OneDrive - ZF Friedrichshafen AG\Desktop\实验音频\cangku\realtime_wav\abnormal\cycle_002906_ABNORMAL.wav,44100,8.0,3.1898880037566005e-05,0.0029425281427556908,0.010840637196996376,0.000244140625,0.02618408203125,0.02618408203125,0.009324009324009324,保留
cycle_002907_ABNORMAL.wav,C:\Users\Z0343409\OneDrive - ZF Friedrichshafen AG\Desktop\实验音频\cangku\realtime_wav\abnormal\cycle_002907_ABNORMAL.wav,44100,8.0,0.00040467486948207585,0.0033216315341908225,0.12183015042957138,0.0032958984375,0.03021240234375,0.03021240234375,0.10909090909090909,保留
cycle_002911_ABNORMAL.wav,C:\Users\Z0343409\OneDrive - ZF Friedrichshafen AG\Desktop\实验音频\cangku\realtime_wav\abnormal\cycle_002911_ABNORMAL.wav,44100,8.0,1.96829245790508e-05,0.0032506909286541727,0.006054997233218903,0.000152587890625,0.02484130859375,0.02484130859375,0.006142506142506142,保留
cycle_002917_ABNORMAL.wav,C:\Users\Z0343409\OneDrive - ZF Friedrichshafen AG\Desktop\实验音频\cangku\realtime_wav\abnormal\cycle_002917_ABNORMAL.wav,44100,8.0,2.7168278878762695e-05,0.0035572521971447006,0.007637434000482129,0.000152587890625,0.025848388671875,0.025848388671875,0.0059031877213695395,保留
cycle_002919_ABNORMAL.wav,C:\Users\Z0343409\OneDrive - ZF Friedrichshafen AG\Desktop\实验音频\cangku\realtime_wav\abnormal\cycle_002919_ABNORMAL.wav,44100,8.0,1.4700145960643987e-05,0.00306732912000109,0.00479249059541376,6.103515625e-05,0.02587890625,0.02587890625,0.0023584905660377358,保留
cycle_002925_ABNORMAL.wav,C:\Users\Z0343409\OneDrive - ZF Friedrichshafen AG\Desktop\实验音频\cangku\realtime_wav\abnormal\cycle_002925_ABNORMAL.wav,44100,8.0,1.497414054861283e-05,0.0032232357052391597,0.004645685862896511,6.103515625e-05,0.026336669921875,0.026336669921875,0.002317497103128621,保留
cycle_002926_ABNORMAL.wav,C:\Users\Z0343409\OneDrive - ZF Friedrichshafen AG\Desktop\实验音频\cangku\realtime_wav\abnormal\cycle_002926_ABNORMAL.wav,44100,8.0,1.8524967424638964e-05,0.003363205462558655,0.005508128370648388,9.1552734375e-05,0.025604248046875,0.025604248046875,0.003575685339690107,保留
cycle_002932_ABNORMAL.wav,C:\Users\Z0343409\OneDrive - ZF Friedrichshafen AG\Desktop\实验音频\cangku\realtime_wav\abnormal\cycle_002932_ABNORMAL.wav,44100,8.0,1.9949354196282223e-05,0.003291336169899971,0.006061171866527543,9.1552734375e-05,0.02020263671875,0.02020263671875,0.004531722054380665,保留
cycle_002936_ABNORMAL.wav,C:\Users\Z0343409\OneDrive - ZF Friedrichshafen AG\Desktop\实验音频\cangku\realtime_wav\abnormal\cycle_002936_ABNORMAL.wav,44100,8.0,1.8241359471832553e-05,0.0033246548660322423,0.005486692666418762,9.1552734375e-05,0.022430419921875,0.022430419921875,0.004081632653061225,保留
cycle_002938_ABNORMAL.wav,C:\Users\Z0343409\OneDrive - ZF Friedrichshafen AG\Desktop\实验音频\cangku\realtime_wav\abnormal\cycle_002938_ABNORMAL.wav,44100,8.0,1.906500733845145e-05,0.0033983296082789913,0.00561011130056525,0.0001220703125,0.028167724609375,0.028167724609375,0.004333694474539545,保留
cycle_002939_ABNORMAL.wav,C:\Users\Z0343409\OneDrive - ZF Friedrichshafen AG\Desktop\实验音频\cangku\realtime_wav\abnormal\cycle_002939_ABNORMAL.wav,44100,8.0,4.4919777206004213e-05,0.003530204849086944,0.01272441094108811,0.000244140625,0.02850341796875,0.02850341796875,0.008565310492505354,保留
cycle_002941_ABNORMAL.wav,C:\Users\Z0343409\OneDrive - ZF Friedrichshafen AG\Desktop\实验音频\cangku\realtime_wav\abnormal\cycle_002941_ABNORMAL.wav,44100,8.0,5.708853694491538e-05,0.003331819631479431,0.017134341969035793,0.000396728515625,0.026580810546875,0.026580810546875,0.014925373134328358,保留
cycle_002942_ABNORMAL.wav,C:\Users\Z0343409\OneDrive - ZF Friedrichshafen AG\Desktop\实验音频\cangku\realtime_wav\abnormal\cycle_002942_ABNORMAL.wav,44100,8.0,3.548984796338978e-05,0.0033713851278397754,0.010526785465809419,0.000274658203125,0.020965576171875,0.020965576171875,0.013100436681222707,保留
cycle_002948_ABNORMAL.wav,C:\Users\Z0343409\OneDrive - ZF Friedrichshafen AG\Desktop\实验音频\cangku\realtime_wav\abnormal\cycle_002948_ABNORMAL.wav,44100,8.0,1.904630562463176e-05,0.003435488524920655,0.0055439875541635365,0.0001220703125,0.025360107421875,0.025360107421875,0.0048134777376654635,保留
cycle_002950_ABNORMAL.wav,C:\Users\Z0343409\OneDrive - ZF Friedrichshafen AG\Desktop\实验音频\cangku\realtime_wav\abnormal\cycle_002950_ABNORMAL.wav,44100,8.0,1.9409438862565798e-05,0.003314993672274524,0.005855045523887338,9.1552734375e-05,0.022003173828125,0.022003173828125,0.004160887656033287,保留
cycle_002954_ABNORMAL.wav,C:\Users\Z0343409\OneDrive - ZF Friedrichshafen AG\Desktop\实验音频\cangku\realtime_wav\abnormal\cycle_002954_ABNORMAL.wav,44100,8.0,1.545816894444681e-05,0.003475588413682888,0.0044476408321509646,6.103515625e-05,0.02227783203125,0.02227783203125,0.0027397260273972603,保留
cycle_002956_ABNORMAL.wav,C:\Users\Z0343409\OneDrive - ZF Friedrichshafen AG\Desktop\实验音频\cangku\realtime_wav\abnormal\cycle_002956_ABNORMAL.wav,44100,8.0,1.5817728939874673e-05,0.00353764771257562,0.004471256107171399,6.103515625e-05,0.029144287109375,0.029144287109375,0.0020942408376963353,保留
cycle_002957_ABNORMAL.wav,C:\Users\Z0343409\OneDrive - ZF Friedrichshafen AG\Desktop\实验音频\cangku\realtime_wav\abnormal\cycle_002957_ABNORMAL.wav,44100,8.0,1.4979428338977853e-05,0.0035135638092733718,0.004263314728892229,6.103515625e-05,0.02850341796875,0.02850341796875,0.0021413276231263384,保留
cycle_002958_ABNORMAL.wav,C:\Users\Z0343409\OneDrive - ZF Friedrichshafen AG\Desktop\实验音频\cangku\realtime_wav\abnormal\cycle_002958_ABNORMAL.wav,44100,8.0,1.629776056999751e-05,0.0031815893138878765,0.005122521784586263,6.103515625e-05,0.02130126953125,0.02130126953125,0.0028653295128939827,保留
cycle_002960_ABNORMAL.wav,C:\Users\Z0343409\OneDrive - ZF Friedrichshafen AG\Desktop\实验音频\cangku\realtime_wav\abnormal\cycle_002960_ABNORMAL.wav,44100,8.0,1.5598418587200108e-05,0.0031964327598900293,0.00487994578923561,6.103515625e-05,0.020660400390625,0.020660400390625,0.0029542097488921715,保留
cycle_002967_ABNORMAL.wav,C:\Users\Z0343409\OneDrive - ZF Friedrichshafen AG\Desktop\实验音频\cangku\realtime_wav\abnormal\cycle_002967_ABNORMAL.wav,44100,8.0,3.121798442074783e-05,0.00307222278121826,0.010161367401998314,0.000244140625,0.026397705078125,0.026397705078125,0.009248554913294798,保留
cycle_002969_ABNORMAL.wav,C:\Users\Z0343409\OneDrive - ZF Friedrichshafen AG\Desktop\实验音频\cangku\realtime_wav\abnormal\cycle_002969_ABNORMAL.wav,44100,8.0,3.7013936173927096e-05,0.0032046202338657805,0.011550178639818623,0.000274658203125,0.028900146484375,0.028900146484375,0.009503695881731784,保留
cycle_002984_ABNORMAL.wav,C:\Users\Z0343409\OneDrive - ZF Friedrichshafen AG\Desktop\实验音频\cangku\realtime_wav\abnormal\cycle_002984_ABNORMAL.wav,44100,8.0,1.8075631221289792e-05,0.0036351866447946074,0.0049724080184914655,9.1552734375e-05,0.0294189453125,0.0294189453125,0.0031120331950207467,保留
cycle_002988_ABNORMAL.wav,C:\Users\Z0343409\OneDrive - ZF Friedrichshafen AG\Desktop\实验音频\cangku\realtime_wav\abnormal\cycle_002988_ABNORMAL.wav,44100,8.0,1.8216016695617202e-05,0.0035496672990712646,0.005131753249208241,9.1552734375e-05,0.024017333984375,0.024017333984375,0.0038119440914866584,保留
cycle_002992_ABNORMAL.wav,C:\Users\Z0343409\OneDrive - ZF Friedrichshafen AG\Desktop\实验音频\cangku\realtime_wav\abnormal\cycle_002992_ABNORMAL.wav,44100,8.0,9.634860038109302e-05,0.0033360823487709463,0.02888076201613819,0.000579833984375,0.0286865234375,0.0286865234375,0.02021276595744681,保留
cycle_002995_ABNORMAL.wav,C:\Users\Z0343409\OneDrive - ZF Friedrichshafen AG\Desktop\实验音频\cangku\realtime_wav\abnormal\cycle_002995_ABNORMAL.wav,44100,8.0,2.0146209183482974e-05,0.0033120923947137933,0.006082622941206887,9.1552734375e-05,0.02105712890625,0.02105712890625,0.004347826086956522,保留
cycle_003000_ABNORMAL.wav,C:\Users\Z0343409\OneDrive - ZF Friedrichshafen AG\Desktop\实验音频\cangku\realtime_wav\abnormal\cycle_003000_ABNORMAL.wav,44100,8.0,0.00016254756594655752,0.0034189538080273826,0.04754307167441429,0.00128173828125,0.025482177734375,0.025482177734375,0.05029940119760479,保留
cycle_003003_ABNORMAL.wav,C:\Users\Z0343409\OneDrive - ZF Friedrichshafen AG\Desktop\实验音频\cangku\realtime_wav\abnormal\cycle_003003_ABNORMAL.wav,44100,8.0,4.24883022409046e-05,0.003152037999545989,0.013479628813810146,0.000396728515625,0.030670166015625,0.030670166015625,0.012935323383084577,保留
cycle_003007_ABNORMAL.wav,C:\Users\Z0343409\OneDrive - ZF Friedrichshafen AG\Desktop\实验音频\cangku\realtime_wav\abnormal\cycle_003007_ABNORMAL.wav,44100,8.0,1.6313140783062326e-05,0.0033821828392087416,0.004823258102414939,6.103515625e-05,0.03192138671875,0.03192138671875,0.0019120458891013384,保留
cycle_003008_ABNORMAL.wav,C:\Users\Z0343409\OneDrive - ZF Friedrichshafen AG\Desktop\实验音频\cangku\realtime_wav\abnormal\cycle_003008_ABNORMAL.wav,44100,8.0,3.5564523234942184e-05,0.0033225221358615903,0.01070407412822839,0.000244140625,0.02740478515625,0.02740478515625,0.008908685968819599,保留
cycle_003011_ABNORMAL.wav,C:\Users\Z0343409\OneDrive - ZF Friedrichshafen AG\Desktop\实验音频\cangku\realtime_wav\abnormal\cycle_003011_ABNORMAL.wav,44100,8.0,2.3782990457442595e-05,0.003612463035439249,0.0065835941362236685,0.000152587890625,0.030670166015625,0.030670166015625,0.004975124378109453,保留
cycle_003012_ABNORMAL.wav,C:\Users\Z0343409\OneDrive - ZF Friedrichshafen AG\Desktop\实验音频\cangku\realtime_wav\abnormal\cycle_003012_ABNORMAL.wav,44100,8.0,8.41149961051246e-05,0.003323405989719173,0.02530987678463933,0.00067138671875,0.0294189453125,0.0294189453125,0.022821576763485476,保留
cycle_003014_ABNORMAL.wav,C:\Users\Z0343409\OneDrive - ZF Friedrichshafen AG\Desktop\实验音频\cangku\realtime_wav\abnormal\cycle_003014_ABNORMAL.wav,44100,8.0,1.557979158121132e-05,0.0033271535052238213,0.004682618808164443,6.103515625e-05,0.02587890625,0.02587890625,0.0023584905660377358,保留
cycle_003016_ABNORMAL.wav,C:\Users\Z0343409\OneDrive - ZF Friedrichshafen AG\Desktop\实验音频\cangku\realtime_wav\abnormal\cycle_003016_ABNORMAL.wav,44100,8.0,1.478519882583479e-05,0.0034313104548585613,0.004308907346142259,6.103515625e-05,0.021392822265625,0.021392822265625,0.0028530670470756064,保留
cycle_003017_ABNORMAL.wav,C:\Users\Z0343409\OneDrive - ZF Friedrichshafen AG\Desktop\实验音频\cangku\realtime_wav\abnormal\cycle_003017_ABNORMAL.wav,44100,8.0,1.7046687010108794e-05,0.0033334481497501135,0.005113829957543114,6.103515625e-05,0.0211181640625,0.0211181640625,0.002890173410404624,保留
cycle_003020_ABNORMAL.wav,C:\Users\Z0343409\OneDrive - ZF Friedrichshafen AG\Desktop\实验音频\cangku\realtime_wav\abnormal\cycle_003020_ABNORMAL.wav,44100,8.0,2.0286579834440274e-05,0.0032185471158201824,0.006303024036754126,0.000152587890625,0.01922607421875,0.01922607421875,0.007936507936507936,保留
cycle_003021_ABNORMAL.wav,C:\Users\Z0343409\OneDrive - ZF Friedrichshafen AG\Desktop\实验音频\cangku\realtime_wav\abnormal\cycle_003021_ABNORMAL.wav,44100,8.0,3.578577002330121e-05,0.0031329213956181406,0.0114224921421115,0.000457763671875,0.017730712890625,0.017730712890625,0.025817555938037865,保留
cycle_003025_ABNORMAL.wav,C:\Users\Z0343409\OneDrive - ZF Friedrichshafen AG\Desktop\实验音频\cangku\realtime_wav\abnormal\cycle_003025_ABNORMAL.wav,44100,8.0,1.4835996500154741e-05,0.003412565760894116,0.004347460983804633,6.103515625e-05,0.021331787109375,0.021331787109375,0.002861230329041488,保留
cycle_003027_ABNORMAL.wav,C:\Users\Z0343409\OneDrive - ZF Friedrichshafen AG\Desktop\实验音频\cangku\realtime_wav\abnormal\cycle_003027_ABNORMAL.wav,44100,8.0,1.4744971782687577e-05,0.003313618651357568,0.004449809508600713,6.103515625e-05,0.021148681640625,0.021148681640625,0.002886002886002886,保留
cycle_003028_ABNORMAL.wav,C:\Users\Z0343409\OneDrive - ZF Friedrichshafen AG\Desktop\实验音频\cangku\realtime_wav\abnormal\cycle_003028_ABNORMAL.wav,44100,8.0,1.772762174879652e-05,0.0031538753695173074,0.005620901168174469,6.103515625e-05,0.016876220703125,0.016876220703125,0.003616636528028933,保留
cycle_003030_ABNORMAL.wav,C:\Users\Z0343409\OneDrive - ZF Friedrichshafen AG\Desktop\实验音频\cangku\realtime_wav\abnormal\cycle_003030_ABNORMAL.wav,44100,8.0,1.4762864001116414e-05,0.0034506387754331255,0.004278298877941338,6.103515625e-05,0.021087646484375,0.021087646484375,0.002894356005788712,保留
cycle_003032_ABNORMAL.wav,C:\Users\Z0343409\OneDrive - ZF Friedrichshafen AG\Desktop\实验音频\cangku\realtime_wav\abnormal\cycle_003032_ABNORMAL.wav,44100,8.0,6.157941639674055e-05,0.0032737173428119114,0.018810242286784542,0.00042724609375,0.020111083984375,0.020111083984375,0.021244309559939303,保留
cycle_003034_ABNORMAL.wav,C:\Users\Z0343409\OneDrive - ZF Friedrichshafen AG\Desktop\实验音频\cangku\realtime_wav\abnormal\cycle_003034_ABNORMAL.wav,44100,8.0,2.485438292501431e-05,0.0033288136194151875,0.007466438727615149,0.000213623046875,0.01806640625,0.01806640625,0.011824324324324325,保留
cycle_003036_ABNORMAL.wav,C:\Users\Z0343409\OneDrive - ZF Friedrichshafen AG\Desktop\实验音频\cangku\realtime_wav\abnormal\cycle_003036_ABNORMAL.wav,44100,8.0,1.675696476361813e-05,0.0034748028139649496,0.0048224217777979375,9.1552734375e-05,0.0198974609375,0.0198974609375,0.004601226993865031,保留
cycle_003038_ABNORMAL.wav,C:\Users\Z0343409\OneDrive - ZF Friedrichshafen AG\Desktop\实验音频\cangku\realtime_wav\abnormal\cycle_003038_ABNORMAL.wav,44100,8.0,2.5483680840404633e-05,0.0034135228414386236,0.007465507636581268,0.00018310546875,0.02020263671875,0.02020263671875,0.00906344410876133,保留
cycle_003040_ABNORMAL.wav,C:\Users\Z0343409\OneDrive - ZF Friedrichshafen AG\Desktop\实验音频\cangku\realtime_wav\abnormal\cycle_003040_ABNORMAL.wav,44100,8.0,1.4799475424285528e-05,0.0034918761983644916,0.004238258913995071,6.103515625e-05,0.022216796875,0.022216796875,0.0027472527472527475,保留
cycle_003042_ABNORMAL.wav,C:\Users\Z0343409\OneDrive - ZF Friedrichshafen AG\Desktop\实验音频\cangku\realtime_wav\abnormal\cycle_003042_ABNORMAL.wav,44100,8.0,1.9104428613500715e-05,0.0034178962718833836,0.005589528497590563,0.0001220703125,0.018829345703125,0.018829345703125,0.006482982171799027,保留
cycle_003043_ABNORMAL.wav,C:\Users\Z0343409\OneDrive - ZF Friedrichshafen AG\Desktop\实验音频\cangku\realtime_wav\abnormal\cycle_003043_ABNORMAL.wav,44100,8.0,1.5068160956492445e-05,0.0034256905251121407,0.00439857624208456,6.103515625e-05,0.018035888671875,0.018035888671875,0.00338409475465313,保留
cycle_003045_ABNORMAL.wav,C:\Users\Z0343409\OneDrive - ZF Friedrichshafen AG\Desktop\实验音频\cangku\realtime_wav\abnormal\cycle_003045_ABNORMAL.wav,44100,8.0,4.758234992402834e-05,0.0034074722010762515,0.01396411976860719,0.000396728515625,0.019989013671875,0.019989013671875,0.01984732824427481,保留
cycle_003047_ABNORMAL.wav,C:\Users\Z0343409\OneDrive - ZF Friedrichshafen AG\Desktop\实验音频\cangku\realtime_wav\abnormal\cycle_003047_ABNORMAL.wav,44100,8.0,4.697795530528787e-05,0.0034964473216510784,0.01343591107876441,0.0003662109375,0.021026611328125,0.021026611328125,0.01741654571843251,保留
cycle_003049_ABNORMAL.wav,C:\Users\Z0343409\OneDrive - ZF Friedrichshafen AG\Desktop\实验音频\cangku\realtime_wav\abnormal\cycle_003049_ABNORMAL.wav,44100,8.0,2.084304237058739e-05,0.003621318974375553,0.005755649396828261,9.1552734375e-05,0.0234375,0.0234375,0.00390625,保留
cycle_003050_ABNORMAL.wav,C:\Users\Z0343409\OneDrive - ZF Friedrichshafen AG\Desktop\实验音频\cangku\realtime_wav\abnormal\cycle_003050_ABNORMAL.wav,44100,8.0,1.8629410318405125e-05,0.0033669158144009233,0.005533078741893006,9.1552734375e-05,0.018829345703125,0.018829345703125,0.004862236628849271,保留
cycle_003053_ABNORMAL.wav,C:\Users\Z0343409\OneDrive - ZF Friedrichshafen AG\Desktop\实验音频\cangku\realtime_wav\abnormal\cycle_003053_ABNORMAL.wav,44100,8.0,1.7679160069923677e-05,0.0030433836536857234,0.005809047455621684,9.1552734375e-05,0.0244140625,0.0244140625,0.00375,保留
cycle_003056_ABNORMAL.wav,C:\Users\Z0343409\OneDrive - ZF Friedrichshafen AG\Desktop\实验音频\cangku\realtime_wav\abnormal\cycle_003056_ABNORMAL.wav,44100,8.0,0.00013415591211140909,0.0034612461155542795,0.038759425834682525,0.001190185546875,0.0201416015625,0.0201416015625,0.05909090909090909,保留
cycle_003059_ABNORMAL.wav,C:\Users\Z0343409\OneDrive - ZF Friedrichshafen AG\Desktop\实验音频\cangku\realtime_wav\abnormal\cycle_003059_ABNORMAL.wav,44100,8.0,1.4937073602914268e-05,0.0029913803926890394,0.004993371501471565,6.103515625e-05,0.023284912109375,0.023284912109375,0.002621231979030144,保留
cycle_003078_ABNORMAL.wav,C:\Users\Z0343409\OneDrive - ZF Friedrichshafen AG\Desktop\实验音频\cangku\realtime_wav\abnormal\cycle_003078_ABNORMAL.wav,44100,8.0,1.9147215741258142e-05,0.0036548937922161015,0.005238788547573213,9.1552734375e-05,0.025787353515625,0.025787353515625,0.0035502958579881655,保留
cycle_003081_ABNORMAL.wav,C:\Users\Z0343409\OneDrive - ZF Friedrichshafen AG\Desktop\实验音频\cangku\realtime_wav\abnormal\cycle_003081_ABNORMAL.wav,44100,8.0,2.8881222623033882e-05,0.0035135716077229822,0.008219904372961037,0.00018310546875,0.02447509765625,0.02447509765625,0.007481296758104738,保留
cycle_003087_ABNORMAL.wav,C:\Users\Z0343409\OneDrive - ZF Friedrichshafen AG\Desktop\实验音频\cangku\realtime_wav\abnormal\cycle_003087_ABNORMAL.wav,44100,8.0,0.00013531529649326904,0.0035350958539970777,0.038277688097274686,0.000885009765625,0.03057861328125,0.03057861328125,0.028942115768463075,保留
cycle_003096_ABNORMAL.wav,C:\Users\Z0343409\OneDrive - ZF Friedrichshafen AG\Desktop\实验音频\cangku\realtime_wav\abnormal\cycle_003096_ABNORMAL.wav,44100,8.0,5.130960677443344e-05,0.0035260586849854207,0.014551546459767896,0.000518798828125,0.03436279296875,0.03436279296875,0.015097690941385435,保留
cycle_003099_ABNORMAL.wav,C:\Users\Z0343409\OneDrive - ZF Friedrichshafen AG\Desktop\实验音频\cangku\realtime_wav\abnormal\cycle_003099_ABNORMAL.wav,44100,8.0,1.7644035628689075e-05,0.0031857314141294016,0.0055384567419695194,0.0001220703125,0.028900146484375,0.028900146484375,0.004223864836325237,保留
cycle_003101_ABNORMAL.wav,C:\Users\Z0343409\OneDrive - ZF Friedrichshafen AG\Desktop\实验音频\cangku\realtime_wav\abnormal\cycle_003101_ABNORMAL.wav,44100,8.0,4.7662172186702185e-05,0.0035079091746273348,0.013587059930582613,0.00030517578125,0.027313232421875,0.027313232421875,0.0111731843575419,保留
cycle_003105_ABNORMAL.wav,C:\Users\Z0343409\OneDrive - ZF Friedrichshafen AG\Desktop\实验音频\cangku\realtime_wav\abnormal\cycle_003105_ABNORMAL.wav,44100,8.0,1.568953950550565e-05,0.0036216205940150367,0.004332187510595018,6.103515625e-05,0.027069091796875,0.027069091796875,0.002254791431792559,保留
cycle_003112_ABNORMAL.wav,C:\Users\Z0343409\OneDrive - ZF Friedrichshafen AG\Desktop\实验音频\cangku\realtime_wav\abnormal\cycle_003112_ABNORMAL.wav,44100,8.0,2.5907457723749275e-05,0.003540316451215263,0.007317836719047016,0.000152587890625,0.024078369140625,0.024078369140625,0.0063371356147021544,保留
cycle_003113_ABNORMAL.wav,C:\Users\Z0343409\OneDrive - ZF Friedrichshafen AG\Desktop\实验音频\cangku\realtime_wav\abnormal\cycle_003113_ABNORMAL.wav,44100,8.0,0.00014974008329929128,0.003598691478366988,0.04160959176395978,0.000762939453125,0.0301513671875,0.0301513671875,0.025303643724696356,保留
cycle_003121_ABNORMAL.wav,C:\Users\Z0343409\OneDrive - ZF Friedrichshafen AG\Desktop\实验音频\cangku\realtime_wav\abnormal\cycle_003121_ABNORMAL.wav,44100,8.0,6.0583463036841365e-05,0.0036409541474488956,0.01663944685469064,0.000762939453125,0.0263671875,0.0263671875,0.028935185185185185,保留
cycle_003123_ABNORMAL.wav,C:\Users\Z0343409\OneDrive - ZF Friedrichshafen AG\Desktop\实验音频\cangku\realtime_wav\abnormal\cycle_003123_ABNORMAL.wav,44100,8.0,4.722874679100744e-05,0.003347922268859837,0.014106882716572625,0.00030517578125,0.030975341796875,0.030975341796875,0.009852216748768473,保留
cycle_003135_ABNORMAL.wav,C:\Users\Z0343409\OneDrive - ZF Friedrichshafen AG\Desktop\实验音频\cangku\realtime_wav\abnormal\cycle_003135_ABNORMAL.wav,44100,8.0,3.0412731722630332e-05,0.0033570701093870807,0.009059307888027085,0.000335693359375,0.020660400390625,0.020660400390625,0.01624815361890694,保留
cycle_003136_ABNORMAL.wav,C:\Users\Z0343409\OneDrive - ZF Friedrichshafen AG\Desktop\实验音频\cangku\realtime_wav\abnormal\cycle_003136_ABNORMAL.wav,44100,8.0,0.0034552814652078993,0.0010448216906281428,3.3070537262014508,0.022491455078125,0.0048828125,0.022491455078125,1.0,4秒强信号
cycle_003142_ABNORMAL.wav,C:\Users\Z0343409\OneDrive - ZF Friedrichshafen AG\Desktop\实验音频\cangku\realtime_wav\abnormal\cycle_003142_ABNORMAL.wav,44100,8.0,1.6245033933684036e-05,0.003514224073049138,0.004622651713722094,9.1552734375e-05,0.025848388671875,0.025848388671875,0.0035419126328217238,保留
cycle_003161_ABNORMAL.wav,C:\Users\Z0343409\OneDrive - ZF Friedrichshafen AG\Desktop\实验音频\cangku\realtime_wav\abnormal\cycle_003161_ABNORMAL.wav,44100,8.0,6.089789771471822e-05,0.0035640502932715243,0.017086711102165347,0.000396728515625,0.020355224609375,0.020355224609375,0.019490254872563718,保留
cycle_003169_ABNORMAL.wav,C:\Users\Z0343409\OneDrive - ZF Friedrichshafen AG\Desktop\实验音频\cangku\realtime_wav\abnormal\cycle_003169_ABNORMAL.wav,44100,8.0,1.4703737055350212e-05,0.0029688951984033923,0.004952595518783407,6.103515625e-05,0.02069091796875,0.02069091796875,0.0029498525073746312,保留
cycle_003171_ABNORMAL.wav,C:\Users\Z0343409\OneDrive - ZF Friedrichshafen AG\Desktop\实验音频\cangku\realtime_wav\abnormal\cycle_003171_ABNORMAL.wav,44100,8.0,2.815457528909944e-05,0.0034704674768131173,0.008112617529830132,0.000213623046875,0.022705078125,0.022705078125,0.009408602150537635,保留
cycle_003175_ABNORMAL.wav,C:\Users\Z0343409\OneDrive - ZF Friedrichshafen AG\Desktop\实验音频\cangku\realtime_wav\abnormal\cycle_003175_ABNORMAL.wav,44100,8.0,1.4597428389889886e-05,0.002961018138209282,0.0049298679401936695,6.103515625e-05,0.021514892578125,0.021514892578125,0.0028368794326241137,保留
cycle_003176_ABNORMAL.wav,C:\Users\Z0343409\OneDrive - ZF Friedrichshafen AG\Desktop\实验音频\cangku\realtime_wav\abnormal\cycle_003176_ABNORMAL.wav,44100,8.0,1.470553227384849e-05,0.0029645003503028272,0.004960543274129248,6.103515625e-05,0.020965576171875,0.020965576171875,0.002911208151382824,保留
cycle_003177_ABNORMAL.wav,C:\Users\Z0343409\OneDrive - ZF Friedrichshafen AG\Desktop\实验音频\cangku\realtime_wav\abnormal\cycle_003177_ABNORMAL.wav,44100,8.0,1.6272635330517186e-05,0.0032518093858845487,0.005004178720054572,9.1552734375e-05,0.024261474609375,0.024261474609375,0.0037735849056603774,保留
cycle_003185_ABNORMAL.wav,C:\Users\Z0343409\OneDrive - ZF Friedrichshafen AG\Desktop\实验音频\cangku\realtime_wav\abnormal\cycle_003185_ABNORMAL.wav,44100,8.0,0.00011631952626135758,0.003353480499216126,0.034686209235016335,0.001312255859375,0.02252197265625,0.02252197265625,0.058265582655826556,保留
cycle_003186_ABNORMAL.wav,C:\Users\Z0343409\OneDrive - ZF Friedrichshafen AG\Desktop\实验音频\cangku\realtime_wav\abnormal\cycle_003186_ABNORMAL.wav,44100,8.0,1.4630845593741136e-05,0.0032293264705471735,0.004530618296781279,6.103515625e-05,0.021514892578125,0.021514892578125,0.0028368794326241137,保留
cycle_003189_ABNORMAL.wav,C:\Users\Z0343409\OneDrive - ZF Friedrichshafen AG\Desktop\实验音频\cangku\realtime_wav\abnormal\cycle_003189_ABNORMAL.wav,44100,8.0,1.4572994501118672e-05,0.0030066045034076306,0.004846994170534204,3.0517578125e-05,0.0240478515625,0.0240478515625,0.0012690355329949238,保留
cycle_003191_ABNORMAL.wav,C:\Users\Z0343409\OneDrive - ZF Friedrichshafen AG\Desktop\实验音频\cangku\realtime_wav\abnormal\cycle_003191_ABNORMAL.wav,44100,8.0,1.5034837857079532e-05,0.003086771268934812,0.0048707327324151815,6.103515625e-05,0.019256591796875,0.019256591796875,0.003169572107765452,保留
cycle_003192_ABNORMAL.wav,C:\Users\Z0343409\OneDrive - ZF Friedrichshafen AG\Desktop\实验音频\cangku\realtime_wav\abnormal\cycle_003192_ABNORMAL.wav,44100,8.0,2.0639405150604614e-05,0.003054630359919581,0.006756760301154076,9.1552734375e-05,0.02252197265625,0.02252197265625,0.0040650406504065045,保留
cycle_003194_ABNORMAL.wav,C:\Users\Z0343409\OneDrive - ZF Friedrichshafen AG\Desktop\实验音频\cangku\realtime_wav\abnormal\cycle_003194_ABNORMAL.wav,44100,8.0,1.59150594902471e-05,0.0033563746009896006,0.004741741129120292,9.1552734375e-05,0.019012451171875,0.019012451171875,0.004815409309791332,保留
cycle_003196_ABNORMAL.wav,C:\Users\Z0343409\OneDrive - ZF Friedrichshafen AG\Desktop\实验音频\cangku\realtime_wav\abnormal\cycle_003196_ABNORMAL.wav,44100,8.0,1.4714505081000944e-05,0.00313257728922309,0.004697252045982331,6.103515625e-05,0.023773193359375,0.023773193359375,0.0025673940949935813,保留
cycle_003198_ABNORMAL.wav,C:\Users\Z0343409\OneDrive - ZF Friedrichshafen AG\Desktop\实验音频\cangku\realtime_wav\abnormal\cycle_003198_ABNORMAL.wav,44100,8.0,1.462091872743061e-05,0.003127533439400521,0.00467490404522521,6.103515625e-05,0.021728515625,0.021728515625,0.0028089887640449437,保留
cycle_003199_ABNORMAL.wav,C:\Users\Z0343409\OneDrive - ZF Friedrichshafen AG\Desktop\实验音频\cangku\realtime_wav\abnormal\cycle_003199_ABNORMAL.wav,44100,8.0,2.7468799632272457e-05,0.003377738125034892,0.008132305885018455,0.000213623046875,0.019195556640625,0.019195556640625,0.011128775834658187,保留
cycle_003202_ABNORMAL.wav,C:\Users\Z0343409\OneDrive - ZF Friedrichshafen AG\Desktop\实验音频\cangku\realtime_wav\abnormal\cycle_003202_ABNORMAL.wav,44100,8.0,3.539376521602588e-05,0.0034266355583793297,0.010329013579945982,0.000213623046875,0.025421142578125,0.025421142578125,0.008403361344537815,保留
cycle_003222_ABNORMAL.wav,C:\Users\Z0343409\OneDrive - ZF Friedrichshafen AG\Desktop\实验音频\cangku\realtime_wav\abnormal\cycle_003222_ABNORMAL.wav,44100,8.0,0.00022793696628293437,0.003392012625093304,0.06719814796581558,0.001556396484375,0.028472900390625,0.028472900390625,0.05466237942122187,保留
cycle_003235_ABNORMAL.wav,C:\Users\Z0343409\OneDrive - ZF Friedrichshafen AG\Desktop\实验音频\cangku\realtime_wav\abnormal\cycle_003235_ABNORMAL.wav,44100,8.0,1.5289034461975688e-05,0.00319165207194547,0.004790319908728731,6.103515625e-05,0.023162841796875,0.023162841796875,0.002635046113306983,保留
cycle_003243_ABNORMAL.wav,C:\Users\Z0343409\OneDrive - ZF Friedrichshafen AG\Desktop\实验音频\cangku\realtime_wav\abnormal\cycle_003243_ABNORMAL.wav,44100,8.0,1.6601862961298058e-05,0.0030930520628437283,0.005367469613826815,0.0001220703125,0.029022216796875,0.029022216796875,0.004206098843322818,保留
cycle_003276_ABNORMAL.wav,C:\Users\Z0343409\OneDrive - ZF Friedrichshafen AG\Desktop\实验音频\cangku\realtime_wav\abnormal\cycle_003276_ABNORMAL.wav,44100,8.0,2.0324281223315533e-05,0.0032356996515052958,0.006281263223507279,0.0001220703125,0.027496337890625,0.027496337890625,0.004439511653718091,保留
cycle_003277_ABNORMAL.wav,C:\Users\Z0343409\OneDrive - ZF Friedrichshafen AG\Desktop\实验音频\cangku\realtime_wav\abnormal\cycle_003277_ABNORMAL.wav,44100,8.0,1.5338163599747445e-05,0.00371451382000811,0.004129251994468002,6.103515625e-05,0.045013427734375,0.045013427734375,0.0013559322033898306,保留
cycle_003280_ABNORMAL.wav,C:\Users\Z0343409\OneDrive - ZF Friedrichshafen AG\Desktop\实验音频\cangku\realtime_wav\abnormal\cycle_003280_ABNORMAL.wav,44100,8.0,3.517530618751665e-05,0.003726417058702674,0.009439444279423378,0.000213623046875,0.022125244140625,0.022125244140625,0.009655172413793104,保留
cycle_003308_ABNORMAL.wav,C:\Users\Z0343409\OneDrive - ZF Friedrichshafen AG\Desktop\实验音频\cangku\realtime_wav\abnormal\cycle_003308_ABNORMAL.wav,44100,8.0,0.0033958909283658945,0.001119073904073568,3.0345546581011584,0.022064208984375,0.005584716796875,0.022064208984375,1.0,4秒强信号
cycle_003310_ABNORMAL.wav,C:\Users\Z0343409\OneDrive - ZF Friedrichshafen AG\Desktop\实验音频\cangku\realtime_wav\abnormal\cycle_003310_ABNORMAL.wav,44100,8.0,1.5869380164621666e-05,0.0031375162231690296,0.005057943620317887,9.1552734375e-05,0.026702880859375,0.026702880859375,0.0034285714285714284,保留
cycle_003313_ABNORMAL.wav,C:\Users\Z0343409\OneDrive - ZF Friedrichshafen AG\Desktop\实验音频\cangku\realtime_wav\abnormal\cycle_003313_ABNORMAL.wav,44100,8.0,3.12420748210997e-05,0.003502388204142903,0.008920220432487778,0.000244140625,0.026397705078125,0.026397705078125,0.009248554913294798,保留
cycle_003318_ABNORMAL.wav,C:\Users\Z0343409\OneDrive - ZF Friedrichshafen AG\Desktop\实验音频\cangku\realtime_wav\abnormal\cycle_003318_ABNORMAL.wav,44100,8.0,1.5596726142277077e-05,0.003207900908371109,0.004861972544593561,6.103515625e-05,0.025909423828125,0.025909423828125,0.002355712603062426,保留
cycle_003319_ABNORMAL.wav,C:\Users\Z0343409\OneDrive - ZF Friedrichshafen AG\Desktop\实验音频\cangku\realtime_wav\abnormal\cycle_003319_ABNORMAL.wav,44100,8.0,1.9955969361830715e-05,0.003597779397437835,0.005546746244653687,0.0001220703125,0.03289794921875,0.03289794921875,0.0037105751391465678,保留
cycle_003321_ABNORMAL.wav,C:\Users\Z0343409\OneDrive - ZF Friedrichshafen AG\Desktop\实验音频\cangku\realtime_wav\abnormal\cycle_003321_ABNORMAL.wav,44100,8.0,1.610549794347055e-05,0.0034440344937343246,0.004676346294664301,6.103515625e-05,0.022918701171875,0.022918701171875,0.002663115845539281,保留
cycle_003323_ABNORMAL.wav,C:\Users\Z0343409\OneDrive - ZF Friedrichshafen AG\Desktop\实验音频\cangku\realtime_wav\abnormal\cycle_003323_ABNORMAL.wav,44100,8.0,3.3103001570950094e-05,0.003488470997097144,0.009489258072804974,0.000457763671875,0.0228271484375,0.0228271484375,0.020053475935828877,保留
cycle_003324_ABNORMAL.wav,C:\Users\Z0343409\OneDrive - ZF Friedrichshafen AG\Desktop\实验音频\cangku\realtime_wav\abnormal\cycle_003324_ABNORMAL.wav,44100,8.0,1.6934822744555916e-05,0.003459606359588797,0.0048950143410444995,9.1552734375e-05,0.033111572265625,0.033111572265625,0.0027649769585253456,保留
cycle_003338_ABNORMAL.wav,C:\Users\Z0343409\OneDrive - ZF Friedrichshafen AG\Desktop\实验音频\cangku\realtime_wav\abnormal\cycle_003338_ABNORMAL.wav,44100,8.0,1.460917827997342e-05,0.0035227914713714895,0.004147045999939869,6.103515625e-05,0.025665283203125,0.025665283203125,0.0023781212841854932,保留
cycle_003340_ABNORMAL.wav,C:\Users\Z0343409\OneDrive - ZF Friedrichshafen AG\Desktop\实验音频\cangku\realtime_wav\abnormal\cycle_003340_ABNORMAL.wav,44100,8.0,2.0332072782437603e-05,0.0034162183420312422,0.005951631525503841,0.000152587890625,0.026763916015625,0.026763916015625,0.005701254275940707,保留
cycle_003342_ABNORMAL.wav,C:\Users\Z0343409\OneDrive - ZF Friedrichshafen AG\Desktop\实验音频\cangku\realtime_wav\abnormal\cycle_003342_ABNORMAL.wav,44100,8.0,2.1386881568886208e-05,0.003817540695714708,0.005602266818764645,0.000152587890625,0.02520751953125,0.02520751953125,0.006053268765133172,保留
cycle_003344_ABNORMAL.wav,C:\Users\Z0343409\OneDrive - ZF Friedrichshafen AG\Desktop\实验音频\cangku\realtime_wav\abnormal\cycle_003344_ABNORMAL.wav,44100,8.0,1.5507613387635036e-05,0.00353909947704294,0.004381796411270212,6.103515625e-05,0.02301025390625,0.02301025390625,0.002652519893899204,保留
cycle_003346_ABNORMAL.wav,C:\Users\Z0343409\OneDrive - ZF Friedrichshafen AG\Desktop\实验音频\cangku\realtime_wav\abnormal\cycle_003346_ABNORMAL.wav,44100,8.0,1.9326979977955244e-05,0.003447932436040218,0.005605382453535353,0.000152587890625,0.02557373046875,0.02557373046875,0.0059665871121718375,保留
cycle_003347_ABNORMAL.wav,C:\Users\Z0343409\OneDrive - ZF Friedrichshafen AG\Desktop\实验音频\cangku\realtime_wav\abnormal\cycle_003347_ABNORMAL.wav,44100,8.0,4.186869622566554e-05,0.003510682840818528,0.011926083364427105,0.00042724609375,0.022216796875,0.022216796875,0.019230769230769232,保留
cycle_003349_ABNORMAL.wav,C:\Users\Z0343409\OneDrive - ZF Friedrichshafen AG\Desktop\实验音频\cangku\realtime_wav\abnormal\cycle_003349_ABNORMAL.wav,44100,8.0,1.593329455215182e-05,0.003549224004579845,0.004489233289189926,9.1552734375e-05,0.029876708984375,0.029876708984375,0.0030643513789581204,保留
cycle_003350_ABNORMAL.wav,C:\Users\Z0343409\OneDrive - ZF Friedrichshafen AG\Desktop\实验音频\cangku\realtime_wav\abnormal\cycle_003350_ABNORMAL.wav,44100,8.0,1.5787660360470702e-05,0.003238163710967119,0.004875497896230674,6.103515625e-05,0.0262451171875,0.0262451171875,0.002325581395348837,保留
cycle_003358_ABNORMAL.wav,C:\Users\Z0343409\OneDrive - ZF Friedrichshafen AG\Desktop\实验音频\cangku\realtime_wav\abnormal\cycle_003358_ABNORMAL.wav,44100,8.0,1.4899028573567648e-05,0.003624050627813581,0.004111153541625977,6.103515625e-05,0.024871826171875,0.024871826171875,0.00245398773006135,保留
cycle_003359_ABNORMAL.wav,C:\Users\Z0343409\OneDrive - ZF Friedrichshafen AG\Desktop\实验音频\cangku\realtime_wav\abnormal\cycle_003359_ABNORMAL.wav,44100,8.0,8.441636324576857e-05,0.0034586699001076054,0.02440717549921206,0.0008544921875,0.03558349609375,0.03558349609375,0.024013722126929673,保留
cycle_003364_ABNORMAL.wav,C:\Users\Z0343409\OneDrive - ZF Friedrichshafen AG\Desktop\实验音频\cangku\realtime_wav\abnormal\cycle_003364_ABNORMAL.wav,44100,8.0,1.4989117776451557e-05,0.0034903554900328395,0.004294438723864923,6.103515625e-05,0.020965576171875,0.020965576171875,0.002911208151382824,保留
cycle_003369_ABNORMAL.wav,C:\Users\Z0343409\OneDrive - ZF Friedrichshafen AG\Desktop\实验音频\cangku\realtime_wav\abnormal\cycle_003369_ABNORMAL.wav,44100,8.0,3.024649074764624e-05,0.003569873273097429,0.008472707133775265,0.00030517578125,0.026702880859375,0.026702880859375,0.011428571428571429,保留
cycle_003371_ABNORMAL.wav,C:\Users\Z0343409\OneDrive - ZF Friedrichshafen AG\Desktop\实验音频\cangku\realtime_wav\abnormal\cycle_003371_ABNORMAL.wav,44100,8.0,1.6668511885803893e-05,0.0037021951225253615,0.004502332085196492,9.1552734375e-05,0.02435302734375,0.02435302734375,0.0037593984962406013,保留
cycle_003372_ABNORMAL.wav,C:\Users\Z0343409\OneDrive - ZF Friedrichshafen AG\Desktop\实验音频\cangku\realtime_wav\abnormal\cycle_003372_ABNORMAL.wav,44100,8.0,1.922426722255591e-05,0.003357146208488407,0.005726371754065442,0.00018310546875,0.0234375,0.0234375,0.0078125,保留
cycle_003380_ABNORMAL.wav,C:\Users\Z0343409\OneDrive - ZF Friedrichshafen AG\Desktop\实验音频\cangku\realtime_wav\abnormal\cycle_003380_ABNORMAL.wav,44100,8.0,0.00015654385840155194,0.0034669332874928374,0.045153409489098906,0.00177001953125,0.024566650390625,0.024566650390625,0.07204968944099378,保留
cycle_003382_ABNORMAL.wav,C:\Users\Z0343409\OneDrive - ZF Friedrichshafen AG\Desktop\实验音频\cangku\realtime_wav\abnormal\cycle_003382_ABNORMAL.wav,44100,8.0,2.1483556369715233e-05,0.0035678182529945935,0.006021482835254666,0.0001220703125,0.023681640625,0.023681640625,0.005154639175257732,保留
cycle_003384_ABNORMAL.wav,C:\Users\Z0343409\OneDrive - ZF Friedrichshafen AG\Desktop\实验音频\cangku\realtime_wav\abnormal\cycle_003384_ABNORMAL.wav,44100,8.0,2.299749060944833e-05,0.0036036061841431787,0.006381799074117305,0.000152587890625,0.029632568359375,0.029632568359375,0.005149330587023687,保留
cycle_003385_ABNORMAL.wav,C:\Users\Z0343409\OneDrive - ZF Friedrichshafen AG\Desktop\实验音频\cangku\realtime_wav\abnormal\cycle_003385_ABNORMAL.wav,44100,8.0,1.5296802184408445e-05,0.0035975603341722637,0.004251993229719655,6.103515625e-05,0.022247314453125,0.022247314453125,0.0027434842249657062,保留
cycle_003389_ABNORMAL.wav,C:\Users\Z0343409\OneDrive - ZF Friedrichshafen AG\Desktop\实验音频\cangku\realtime_wav\abnormal\cycle_003389_ABNORMAL.wav,44100,8.0,1.502781305218392e-05,0.0032221200279655125,0.004663951970055154,6.103515625e-05,0.02374267578125,0.02374267578125,0.002570694087403599,保留
cycle_003390_ABNORMAL.wav,C:\Users\Z0343409\OneDrive - ZF Friedrichshafen AG\Desktop\实验音频\cangku\realtime_wav\abnormal\cycle_003390_ABNORMAL.wav,44100,8.0,1.9042840328745023e-05,0.0035392070717103433,0.005380538618652357,9.1552734375e-05,0.022552490234375,0.022552490234375,0.0040595399188092015,保留
cycle_003392_ABNORMAL.wav,C:\Users\Z0343409\OneDrive - ZF Friedrichshafen AG\Desktop\实验音频\cangku\realtime_wav\abnormal\cycle_003392_ABNORMAL.wav,44100,8.0,1.7358961291213686e-05,0.0032588011598165705,0.005326793639717121,9.1552734375e-05,0.02032470703125,0.02032470703125,0.0045045045045045045,保留
cycle_003394_ABNORMAL.wav,C:\Users\Z0343409\OneDrive - ZF Friedrichshafen AG\Desktop\实验音频\cangku\realtime_wav\abnormal\cycle_003394_ABNORMAL.wav,44100,8.0,1.6212501541098887e-05,0.003516920126182532,0.004609857761739068,6.103515625e-05,0.02874755859375,0.02874755859375,0.0021231422505307855,保留
cycle_003396_ABNORMAL.wav,C:\Users\Z0343409\OneDrive - ZF Friedrichshafen AG\Desktop\实验音频\cangku\realtime_wav\abnormal\cycle_003396_ABNORMAL.wav,44100,8.0,6.0385536168580385e-05,0.0036711514065157036,0.01644866405166667,0.00048828125,0.023681640625,0.023681640625,0.020618556701030927,保留
cycle_003399_ABNORMAL.wav,C:\Users\Z0343409\OneDrive - ZF Friedrichshafen AG\Desktop\实验音频\cangku\realtime_wav\abnormal\cycle_003399_ABNORMAL.wav,44100,8.0,3.2588231523189116e-05,0.003450496222943132,0.00944450578050269,0.000335693359375,0.02362060546875,0.02362060546875,0.014211886304909561,保留
cycle_003400_ABNORMAL.wav,C:\Users\Z0343409\OneDrive - ZF Friedrichshafen AG\Desktop\实验音频\cangku\realtime_wav\abnormal\cycle_003400_ABNORMAL.wav,44100,8.0,0.0001729578990109446,0.0035842459672070716,0.04825503065173774,0.00152587890625,0.02423095703125,0.02423095703125,0.06297229219143577,保留
cycle_003402_ABNORMAL.wav,C:\Users\Z0343409\OneDrive - ZF Friedrichshafen AG\Desktop\实验音频\cangku\realtime_wav\abnormal\cycle_003402_ABNORMAL.wav,44100,8.0,6.081482960392873e-05,0.0035372806840100407,0.01719253715964263,0.000457763671875,0.02313232421875,0.02313232421875,0.01978891820580475,保留
cycle_003403_ABNORMAL.wav,C:\Users\Z0343409\OneDrive - ZF Friedrichshafen AG\Desktop\实验音频\cangku\realtime_wav\abnormal\cycle_003403_ABNORMAL.wav,44100,8.0,1.5730707341714718e-05,0.0032978732140788217,0.004769955156116787,9.1552734375e-05,0.020233154296875,0.020233154296875,0.004524886877828055,保留
cycle_003405_ABNORMAL.wav,C:\Users\Z0343409\OneDrive - ZF Friedrichshafen AG\Desktop\实验音频\cangku\realtime_wav\abnormal\cycle_003405_ABNORMAL.wav,44100,8.0,1.490345740413233e-05,0.003342267784046944,0.004459085377679302,6.103515625e-05,0.02471923828125,0.02471923828125,0.0024691358024691358,保留
cycle_003411_ABNORMAL.wav,C:\Users\Z0343409\OneDrive - ZF Friedrichshafen AG\Desktop\实验音频\cangku\realtime_wav\abnormal\cycle_003411_ABNORMAL.wav,44100,8.0,1.4846668600683703e-05,0.0036298790655872873,0.004090127613736802,6.103515625e-05,0.03302001953125,0.03302001953125,0.0018484288354898336,保留
cycle_003413_ABNORMAL.wav,C:\Users\Z0343409\OneDrive - ZF Friedrichshafen AG\Desktop\实验音频\cangku\realtime_wav\abnormal\cycle_003413_ABNORMAL.wav,44100,8.0,1.4586573936741952e-05,0.0034462748942135943,0.004232562515901815,3.0517578125e-05,0.0213623046875,0.0213623046875,0.0014285714285714286,保留
cycle_003415_ABNORMAL.wav,C:\Users\Z0343409\OneDrive - ZF Friedrichshafen AG\Desktop\实验音频\cangku\realtime_wav\abnormal\cycle_003415_ABNORMAL.wav,44100,8.0,1.8401292305710553e-05,0.003554744194082195,0.0051765447247496274,0.000152587890625,0.01953125,0.01953125,0.0078125,保留
cycle_003416_ABNORMAL.wav,C:\Users\Z0343409\OneDrive - ZF Friedrichshafen AG\Desktop\实验音频\cangku\realtime_wav\abnormal\cycle_003416_ABNORMAL.wav,44100,8.0,1.7844132478704897e-05,0.003406687324454743,0.005237971900330166,6.103515625e-05,0.020751953125,0.020751953125,0.0029411764705882353,保留
cycle_003418_ABNORMAL.wav,C:\Users\Z0343409\OneDrive - ZF Friedrichshafen AG\Desktop\实验音频\cangku\realtime_wav\abnormal\cycle_003418_ABNORMAL.wav,44100,8.0,1.5136331164429079e-05,0.0036465167791812415,0.0041509012795020415,6.103515625e-05,0.023590087890625,0.023590087890625,0.00258732212160414,保留
cycle_003420_ABNORMAL.wav,C:\Users\Z0343409\OneDrive - ZF Friedrichshafen AG\Desktop\实验音频\cangku\realtime_wav\abnormal\cycle_003420_ABNORMAL.wav,44100,8.0,1.6086637599804603e-05,0.0035020278671953633,0.004593520728516578,6.103515625e-05,0.021148681640625,0.021148681640625,0.002886002886002886,保留
cycle_003421_ABNORMAL.wav,C:\Users\Z0343409\OneDrive - ZF Friedrichshafen AG\Desktop\实验音频\cangku\realtime_wav\abnormal\cycle_003421_ABNORMAL.wav,44100,8.0,4.6545531465394624e-05,0.0035439670263970545,0.013133737170437153,0.000274658203125,0.01971435546875,0.01971435546875,0.01393188854489164,保留
cycle_003424_ABNORMAL.wav,C:\Users\Z0343409\OneDrive - ZF Friedrichshafen AG\Desktop\实验音频\cangku\realtime_wav\abnormal\cycle_003424_ABNORMAL.wav,44100,8.0,1.971843339844974e-05,0.003492759111732286,0.0056455177032435225,0.00018310546875,0.022216796875,0.022216796875,0.008241758241758242,保留
cycle_003426_ABNORMAL.wav,C:\Users\Z0343409\OneDrive - ZF Friedrichshafen AG\Desktop\实验音频\cangku\realtime_wav\abnormal\cycle_003426_ABNORMAL.wav,44100,8.0,7.353520044020226e-05,0.0036064050936663473,0.02039016653158196,0.000518798828125,0.0234375,0.0234375,0.022135416666666668,保留
cycle_003428_ABNORMAL.wav,C:\Users\Z0343409\OneDrive - ZF Friedrichshafen AG\Desktop\实验音频\cangku\realtime_wav\abnormal\cycle_003428_ABNORMAL.wav,44100,8.0,0.00010676059923862159,0.003454840973126106,0.030901740505300153,0.000701904296875,0.02593994140625,0.02593994140625,0.027058823529411764,保留
cycle_003429_ABNORMAL.wav,C:\Users\Z0343409\OneDrive - ZF Friedrichshafen AG\Desktop\实验音频\cangku\realtime_wav\abnormal\cycle_003429_ABNORMAL.wav,44100,8.0,0.00011108090831627494,0.003520845358316377,0.031549499342223994,0.00146484375,0.021759033203125,0.021759033203125,0.06732117812061711,保留
cycle_003431_ABNORMAL.wav,C:\Users\Z0343409\OneDrive - ZF Friedrichshafen AG\Desktop\实验音频\cangku\realtime_wav\abnormal\cycle_003431_ABNORMAL.wav,44100,8.0,1.4914966208975153e-05,0.003321290006603691,0.004490714806391451,6.103515625e-05,0.0245361328125,0.0245361328125,0.0024875621890547263,保留
cycle_003433_ABNORMAL.wav,C:\Users\Z0343409\OneDrive - ZF Friedrichshafen AG\Desktop\实验音频\cangku\realtime_wav\abnormal\cycle_003433_ABNORMAL.wav,44100,8.0,0.00034553952062846375,0.0033971936063759583,0.10171322587560051,0.001983642578125,0.023101806640625,0.023101806640625,0.08586525759577279,保留
cycle_003435_ABNORMAL.wav,C:\Users\Z0343409\OneDrive - ZF Friedrichshafen AG\Desktop\实验音频\cangku\realtime_wav\abnormal\cycle_003435_ABNORMAL.wav,44100,8.0,2.0714729367426456e-05,0.0032434227462613155,0.006386688072439606,0.000152587890625,0.0281982421875,0.0281982421875,0.005411255411255411,保留
cycle_003437_ABNORMAL.wav,C:\Users\Z0343409\OneDrive - ZF Friedrichshafen AG\Desktop\实验音频\cangku\realtime_wav\abnormal\cycle_003437_ABNORMAL.wav,44100,8.0,1.6238532669218097e-05,0.0034284608500188204,0.004736391453654475,6.103515625e-05,0.021148681640625,0.021148681640625,0.002886002886002886,保留
cycle_003439_ABNORMAL.wav,C:\Users\Z0343409\OneDrive - ZF Friedrichshafen AG\Desktop\实验音频\cangku\realtime_wav\abnormal\cycle_003439_ABNORMAL.wav,44100,8.0,1.526484293659754e-05,0.0031967374704936664,0.004775131857868897,6.103515625e-05,0.023529052734375,0.023529052734375,0.0025940337224383916,保留
cycle_003441_ABNORMAL.wav,C:\Users\Z0343409\OneDrive - ZF Friedrichshafen AG\Desktop\实验音频\cangku\realtime_wav\abnormal\cycle_003441_ABNORMAL.wav,44100,8.0,0.00016577779868010912,0.0032975007673212826,0.050273771070197,0.00189208984375,0.029083251953125,0.029083251953125,0.06505771248688352,保留
cycle_003443_ABNORMAL.wav,C:\Users\Z0343409\OneDrive - ZF Friedrichshafen AG\Desktop\实验音频\cangku\realtime_wav\abnormal\cycle_003443_ABNORMAL.wav,44100,8.0,1.6349509890367506e-05,0.0032927748457281607,0.004965268096474417,6.103515625e-05,0.01922607421875,0.01922607421875,0.0031746031746031746,保留
cycle_003444_ABNORMAL.wav,C:\Users\Z0343409\OneDrive - ZF Friedrichshafen AG\Desktop\实验音频\cangku\realtime_wav\abnormal\cycle_003444_ABNORMAL.wav,44100,8.0,1.5033081963601184e-05,0.003506819167301841,0.004286814131670123,6.103515625e-05,0.02203369140625,0.02203369140625,0.002770083102493075,保留
cycle_003448_ABNORMAL.wav,C:\Users\Z0343409\OneDrive - ZF Friedrichshafen AG\Desktop\实验音频\cangku\realtime_wav\abnormal\cycle_003448_ABNORMAL.wav,44100,8.0,1.4749446872105218e-05,0.0032272739005175916,0.0045702494819977,6.103515625e-05,0.025146484375,0.025146484375,0.0024271844660194173,保留
cycle_003449_ABNORMAL.wav,C:\Users\Z0343409\OneDrive - ZF Friedrichshafen AG\Desktop\实验音频\cangku\realtime_wav\abnormal\cycle_003449_ABNORMAL.wav,44100,8.0,2.3745777876162853e-05,0.0033698090231682326,0.007046624219029928,0.00018310546875,0.0228271484375,0.0228271484375,0.008021390374331552,保留
cycle_003450_ABNORMAL.wav,C:\Users\Z0343409\OneDrive - ZF Friedrichshafen AG\Desktop\实验音频\cangku\realtime_wav\abnormal\cycle_003450_ABNORMAL.wav,44100,8.0,3.06707332164131e-05,0.0033327174985319724,0.00920292020848549,0.000152587890625,0.025634765625,0.025634765625,0.005952380952380952,保留
cycle_003452_ABNORMAL.wav,C:\Users\Z0343409\OneDrive - ZF Friedrichshafen AG\Desktop\实验音频\cangku\realtime_wav\abnormal\cycle_003452_ABNORMAL.wav,44100,8.0,1.685826842347157e-05,0.0036654846751909133,0.004599192171658315,9.1552734375e-05,0.025115966796875,0.025115966796875,0.0036452004860267314,保留
cycle_003454_ABNORMAL.wav,C:\Users\Z0343409\OneDrive - ZF Friedrichshafen AG\Desktop\实验音频\cangku\realtime_wav\abnormal\cycle_003454_ABNORMAL.wav,44100,8.0,1.5108401109652115e-05,0.003818223136391286,0.003956919375836035,6.103515625e-05,0.023590087890625,0.023590087890625,0.00258732212160414,保留
cycle_003456_ABNORMAL.wav,C:\Users\Z0343409\OneDrive - ZF Friedrichshafen AG\Desktop\实验音频\cangku\realtime_wav\abnormal\cycle_003456_ABNORMAL.wav,44100,8.0,1.4648877207182141e-05,0.00346514606102998,0.0042274919871134985,6.103515625e-05,0.029754638671875,0.029754638671875,0.0020512820512820513,保留
cycle_003458_ABNORMAL.wav,C:\Users\Z0343409\OneDrive - ZF Friedrichshafen AG\Desktop\实验音频\cangku\realtime_wav\abnormal\cycle_003458_ABNORMAL.wav,44100,8.0,1.4920274970919018e-05,0.0034102206236448296,0.004375164136733268,6.103515625e-05,0.0205078125,0.0205078125,0.002976190476190476,保留
cycle_003460_ABNORMAL.wav,C:\Users\Z0343409\OneDrive - ZF Friedrichshafen AG\Desktop\实验音频\cangku\realtime_wav\abnormal\cycle_003460_ABNORMAL.wav,44100,8.0,0.0002659387958257422,0.003424732112353029,0.0776524373589687,0.001373291015625,0.026031494140625,0.026031494140625,0.05275498241500586,保留
cycle_003462_ABNORMAL.wav,C:\Users\Z0343409\OneDrive - ZF Friedrichshafen AG\Desktop\实验音频\cangku\realtime_wav\abnormal\cycle_003462_ABNORMAL.wav,44100,8.0,1.4623626722896479e-05,0.0032982027521192762,0.004433816785065744,6.103515625e-05,0.0213623046875,0.0213623046875,0.002857142857142857,保留
cycle_003464_ABNORMAL.wav,C:\Users\Z0343409\OneDrive - ZF Friedrichshafen AG\Desktop\实验音频\cangku\realtime_wav\abnormal\cycle_003464_ABNORMAL.wav,44100,8.0,1.5405139049068045e-05,0.003468005692774082,0.004442074325646613,6.103515625e-05,0.0225830078125,0.0225830078125,0.002702702702702703,保留
cycle_003466_ABNORMAL.wav,C:\Users\Z0343409\OneDrive - ZF Friedrichshafen AG\Desktop\实验音频\cangku\realtime_wav\abnormal\cycle_003466_ABNORMAL.wav,44100,8.0,1.535364540399129e-05,0.0034240058181588865,0.0044841177905027806,6.103515625e-05,0.02484130859375,0.02484130859375,0.002457002457002457,保留
cycle_003467_ABNORMAL.wav,C:\Users\Z0343409\OneDrive - ZF Friedrichshafen AG\Desktop\实验音频\cangku\realtime_wav\abnormal\cycle_003467_ABNORMAL.wav,44100,8.0,1.4650679147924204e-05,0.0032253004987343476,0.004542422993973222,6.103515625e-05,0.024078369140625,0.024078369140625,0.0025348542458808617,保留
cycle_003469_ABNORMAL.wav,C:\Users\Z0343409\OneDrive - ZF Friedrichshafen AG\Desktop\实验音频\cangku\realtime_wav\abnormal\cycle_003469_ABNORMAL.wav,44100,8.0,1.5274351319540713e-05,0.0032367123747903052,0.004719094423868998,6.103515625e-05,0.02545166015625,0.02545166015625,0.002398081534772182,保留
cycle_003471_ABNORMAL.wav,C:\Users\Z0343409\OneDrive - ZF Friedrichshafen AG\Desktop\实验音频\cangku\realtime_wav\abnormal\cycle_003471_ABNORMAL.wav,44100,8.0,1.8924642726319205e-05,0.0033566151064499954,0.005638013929554819,9.1552734375e-05,0.02001953125,0.02001953125,0.004573170731707317,保留
cycle_003473_ABNORMAL.wav,C:\Users\Z0343409\OneDrive - ZF Friedrichshafen AG\Desktop\实验音频\cangku\realtime_wav\abnormal\cycle_003473_ABNORMAL.wav,44100,8.0,2.534761733870872e-05,0.003356021959302427,0.007552875888803006,0.000152587890625,0.023162841796875,0.023162841796875,0.006587615283267457,保留
cycle_003475_ABNORMAL.wav,C:\Users\Z0343409\OneDrive - ZF Friedrichshafen AG\Desktop\实验音频\cangku\realtime_wav\abnormal\cycle_003475_ABNORMAL.wav,44100,8.0,1.4676782427632763e-05,0.0029229136793863988,0.005021284936034727,6.103515625e-05,0.0206298828125,0.0206298828125,0.0029585798816568047,保留
cycle_003476_ABNORMAL.wav,C:\Users\Z0343409\OneDrive - ZF Friedrichshafen AG\Desktop\实验音频\cangku\realtime_wav\abnormal\cycle_003476_ABNORMAL.wav,44100,8.0,3.3762307781222986e-05,0.003628988272797504,0.009303504239542884,0.000274658203125,0.025634765625,0.025634765625,0.010714285714285714,保留
cycle_003477_ABNORMAL.wav,C:\Users\Z0343409\OneDrive - ZF Friedrichshafen AG\Desktop\实验音频\cangku\realtime_wav\abnormal\cycle_003477_ABNORMAL.wav,44100,8.0,2.3360225187651275e-05,0.0035648231597752017,0.0065529828944234005,0.0001220703125,0.02276611328125,0.02276611328125,0.005361930294906166,保留
cycle_003479_ABNORMAL.wav,C:\Users\Z0343409\OneDrive - ZF Friedrichshafen AG\Desktop\实验音频\cangku\realtime_wav\abnormal\cycle_003479_ABNORMAL.wav,44100,8.0,1.4701941617642152e-05,0.0032659242275992566,0.004501617488060762,6.103515625e-05,0.02154541015625,0.02154541015625,0.0028328611898017,保留
cycle_003481_ABNORMAL.wav,C:\Users\Z0343409\OneDrive - ZF Friedrichshafen AG\Desktop\实验音频\cangku\realtime_wav\abnormal\cycle_003481_ABNORMAL.wav,44100,8.0,1.4601948697306285e-05,0.0032864510777313462,0.004443075022855987,3.0517578125e-05,0.023193359375,0.023193359375,0.0013157894736842105,保留
cycle_003483_ABNORMAL.wav,C:\Users\Z0343409\OneDrive - ZF Friedrichshafen AG\Desktop\实验音频\cangku\realtime_wav\abnormal\cycle_003483_ABNORMAL.wav,44100,8.0,5.059750544185271e-05,0.0034606383539009457,0.01462085900562754,0.000244140625,0.024505615234375,0.024505615234375,0.009962640099626401,保留
cycle_003485_ABNORMAL.wav,C:\Users\Z0343409\OneDrive - ZF Friedrichshafen AG\Desktop\实验音频\cangku\realtime_wav\abnormal\cycle_003485_ABNORMAL.wav,44100,8.0,1.4748551962850253e-05,0.0033514981493982395,0.004400584844571181,6.103515625e-05,0.021575927734375,0.021575927734375,0.002828854314002829,保留
cycle_003487_ABNORMAL.wav,C:\Users\Z0343409\OneDrive - ZF Friedrichshafen AG\Desktop\实验音频\cangku\realtime_wav\abnormal\cycle_003487_ABNORMAL.wav,44100,8.0,1.5107527463419584e-05,0.0035971409172971753,0.004199870900462554,6.103515625e-05,0.027679443359375,0.027679443359375,0.002205071664829107,保留
cycle_003489_ABNORMAL.wav,C:\Users\Z0343409\OneDrive - ZF Friedrichshafen AG\Desktop\实验音频\cangku\realtime_wav\abnormal\cycle_003489_ABNORMAL.wav,44100,8.0,1.4599236680809166e-05,0.0033009106772861657,0.004422790589659908,6.103515625e-05,0.0224609375,0.0224609375,0.002717391304347826,保留
cycle_003491_ABNORMAL.wav,C:\Users\Z0343409\OneDrive - ZF Friedrichshafen AG\Desktop\实验音频\cangku\realtime_wav\abnormal\cycle_003491_ABNORMAL.wav,44100,8.0,1.4685772800560169e-05,0.003223801403107012,0.004555421058631721,6.103515625e-05,0.026031494140625,0.026031494140625,0.0023446658851113715,保留
cycle_003493_ABNORMAL.wav,C:\Users\Z0343409\OneDrive - ZF Friedrichshafen AG\Desktop\实验音频\cangku\realtime_wav\abnormal\cycle_003493_ABNORMAL.wav,44100,8.0,1.468667153516525e-05,0.0031473919253212856,0.004666298917846412,6.103515625e-05,0.026092529296875,0.026092529296875,0.0023391812865497076,保留
cycle_003494_ABNORMAL.wav,C:\Users\Z0343409\OneDrive - ZF Friedrichshafen AG\Desktop\实验音频\cangku\realtime_wav\abnormal\cycle_003494_ABNORMAL.wav,44100,8.0,1.4636257410310063e-05,0.003113891235394753,0.004700311059019568,6.103515625e-05,0.02154541015625,0.02154541015625,0.0028328611898017,保留
cycle_003496_ABNORMAL.wav,C:\Users\Z0343409\OneDrive - ZF Friedrichshafen AG\Desktop\实验音频\cangku\realtime_wav\abnormal\cycle_003496_ABNORMAL.wav,44100,8.0,1.581021715619068e-05,0.003464378075879975,0.004563652352572627,9.1552734375e-05,0.024139404296875,0.024139404296875,0.0037926675094816687,保留
cycle_003498_ABNORMAL.wav,C:\Users\Z0343409\OneDrive - ZF Friedrichshafen AG\Desktop\实验音频\cangku\realtime_wav\abnormal\cycle_003498_ABNORMAL.wav,44100,8.0,1.728428563632716e-05,0.0035135271645926965,0.004919354490982236,0.0001220703125,0.02301025390625,0.02301025390625,0.005305039787798408,保留
cycle_003500_ABNORMAL.wav,C:\Users\Z0343409\OneDrive - ZF Friedrichshafen AG\Desktop\实验音频\cangku\realtime_wav\abnormal\cycle_003500_ABNORMAL.wav,44100,8.0,1.6837899673108007e-05,0.0033397860603536695,0.0050416102615042785,6.103515625e-05,0.023162841796875,0.023162841796875,0.002635046113306983,保留
cycle_003503_ABNORMAL.wav,C:\Users\Z0343409\OneDrive - ZF Friedrichshafen AG\Desktop\实验音频\cangku\realtime_wav\abnormal\cycle_003503_ABNORMAL.wav,44100,8.0,2.3099996149098346e-05,0.0036253383121123413,0.006371818065067393,0.00018310546875,0.029266357421875,0.029266357421875,0.006256517205422315,保留
cycle_003505_ABNORMAL.wav,C:\Users\Z0343409\OneDrive - ZF Friedrichshafen AG\Desktop\实验音频\cangku\realtime_wav\abnormal\cycle_003505_ABNORMAL.wav,44100,8.0,1.5586567613533954e-05,0.0032462012884682916,0.0048014790915471605,6.103515625e-05,0.02587890625,0.02587890625,0.0023584905660377358,保留
cycle_003507_ABNORMAL.wav,C:\Users\Z0343409\OneDrive - ZF Friedrichshafen AG\Desktop\实验音频\cangku\realtime_wav\abnormal\cycle_003507_ABNORMAL.wav,44100,8.0,3.0606975794296654e-05,0.0037497561799788915,0.008162390919632794,0.00018310546875,0.02691650390625,0.02691650390625,0.006802721088435374,保留
cycle_003509_ABNORMAL.wav,C:\Users\Z0343409\OneDrive - ZF Friedrichshafen AG\Desktop\实验音频\cangku\realtime_wav\abnormal\cycle_003509_ABNORMAL.wav,44100,8.0,1.528385378713492e-05,0.0034522255575663665,0.0044272465782650705,6.103515625e-05,0.02459716796875,0.02459716796875,0.0024813895781637717,保留
cycle_003511_ABNORMAL.wav,C:\Users\Z0343409\OneDrive - ZF Friedrichshafen AG\Desktop\实验音频\cangku\realtime_wav\abnormal\cycle_003511_ABNORMAL.wav,44100,8.0,1.4673184736090139e-05,0.0034471901859468588,0.00425656373585311,6.103515625e-05,0.021575927734375,0.021575927734375,0.002828854314002829,保留
cycle_003513_ABNORMAL.wav,C:\Users\Z0343409\OneDrive - ZF Friedrichshafen AG\Desktop\实验音频\cangku\realtime_wav\abnormal\cycle_003513_ABNORMAL.wav,44100,8.0,2.1893128372496605e-05,0.0036729821887576046,0.005960586588061297,0.0001220703125,0.023834228515625,0.023834228515625,0.005121638924455826,保留
cycle_003514_ABNORMAL.wav,C:\Users\Z0343409\OneDrive - ZF Friedrichshafen AG\Desktop\实验音频\cangku\realtime_wav\abnormal\cycle_003514_ABNORMAL.wav,44100,8.0,1.5281262791079718e-05,0.003621738135010962,0.004219317416507107,6.103515625e-05,0.0260009765625,0.0260009765625,0.002347417840375587,保留
cycle_003516_ABNORMAL.wav,C:\Users\Z0343409\OneDrive - ZF Friedrichshafen AG\Desktop\实验音频\cangku\realtime_wav\abnormal\cycle_003516_ABNORMAL.wav,44100,8.0,1.4647976153685538e-05,0.0036857958720683433,0.003974169124419143,6.103515625e-05,0.02459716796875,0.02459716796875,0.0024813895781637717,保留
cycle_003518_ABNORMAL.wav,C:\Users\Z0343409\OneDrive - ZF Friedrichshafen AG\Desktop\实验音频\cangku\realtime_wav\abnormal\cycle_003518_ABNORMAL.wav,44100,8.0,2.9644400662122958e-05,0.0035137022442063262,0.008436799307910345,0.0001220703125,0.021270751953125,0.021270751953125,0.005738880918220947,保留
cycle_003520_ABNORMAL.wav,C:\Users\Z0343409\OneDrive - ZF Friedrichshafen AG\Desktop\实验音频\cangku\realtime_wav\abnormal\cycle_003520_ABNORMAL.wav,44100,8.0,1.6166029765746336e-05,0.0034694352600791946,0.004659556542749071,9.1552734375e-05,0.020416259765625,0.020416259765625,0.004484304932735426,保留
cycle_003521_ABNORMAL.wav,C:\Users\Z0343409\OneDrive - ZF Friedrichshafen AG\Desktop\实验音频\cangku\realtime_wav\abnormal\cycle_003521_ABNORMAL.wav,44100,8.0,1.617011158117958e-05,0.0035762968139212087,0.004521467993997389,6.103515625e-05,0.022216796875,0.022216796875,0.0027472527472527475,保留
cycle_003523_ABNORMAL.wav,C:\Users\Z0343409\OneDrive - ZF Friedrichshafen AG\Desktop\实验音频\cangku\realtime_wav\abnormal\cycle_003523_ABNORMAL.wav,44100,8.0,1.8165225074404762e-05,0.0035391543805293017,0.005132645576113027,6.103515625e-05,0.023712158203125,0.023712158203125,0.002574002574002574,保留
cycle_003525_ABNORMAL.wav,C:\Users\Z0343409\OneDrive - ZF Friedrichshafen AG\Desktop\实验音频\cangku\realtime_wav\abnormal\cycle_003525_ABNORMAL.wav,44100,8.0,6.873294867412518e-05,0.003474937357785084,0.019779622363591435,0.0003662109375,0.021087646484375,0.021087646484375,0.017366136034732273,保留
cycle_003528_ABNORMAL.wav,C:\Users\Z0343409\OneDrive - ZF Friedrichshafen AG\Desktop\实验音频\cangku\realtime_wav\abnormal\cycle_003528_ABNORMAL.wav,44100,8.0,0.0003294301705481027,0.0037725661336992606,0.0873225700685262,0.003814697265625,0.0247802734375,0.0247802734375,0.1539408866995074,保留
cycle_003529_ABNORMAL.wav,C:\Users\Z0343409\OneDrive - ZF Friedrichshafen AG\Desktop\实验音频\cangku\realtime_wav\abnormal\cycle_003529_ABNORMAL.wav,44100,8.0,1.673252907041163e-05,0.0033629946123815793,0.004975484946900381,0.0001220703125,0.0245361328125,0.0245361328125,0.004975124378109453,保留
cycle_003531_ABNORMAL.wav,C:\Users\Z0343409\OneDrive - ZF Friedrichshafen AG\Desktop\实验音频\cangku\realtime_wav\abnormal\cycle_003531_ABNORMAL.wav,44100,8.0,1.8171763378748532e-05,0.0035990867823535856,0.005048992835584058,9.1552734375e-05,0.02655029296875,0.02655029296875,0.0034482758620689655,保留
cycle_003533_ABNORMAL.wav,C:\Users\Z0343409\OneDrive - ZF Friedrichshafen AG\Desktop\实验音频\cangku\realtime_wav\abnormal\cycle_003533_ABNORMAL.wav,44100,8.0,0.003381153393307867,0.0006878835277202283,4.9152992578752785,0.02490234375,0.003387451171875,0.02490234375,1.0,4秒强信号
cycle_003535_ABNORMAL.wav,C:\Users\Z0343409\OneDrive - ZF Friedrichshafen AG\Desktop\实验音频\cangku\realtime_wav\abnormal\cycle_003535_ABNORMAL.wav,44100,8.0,1.4897256672678518e-05,0.0035494810978092856,0.00419702380775404,6.103515625e-05,0.024932861328125,0.024932861328125,0.0024479804161566705,保留
cycle_003537_ABNORMAL.wav,C:\Users\Z0343409\OneDrive - ZF Friedrichshafen AG\Desktop\实验音频\cangku\realtime_wav\abnormal\cycle_003537_ABNORMAL.wav,44100,8.0,7.466433438827993e-05,0.003615301664894791,0.020652311012738886,0.000823974609375,0.02557373046875,0.02557373046875,0.032219570405727926,保留
cycle_003539_ABNORMAL.wav,C:\Users\Z0343409\OneDrive - ZF Friedrichshafen AG\Desktop\实验音频\cangku\realtime_wav\abnormal\cycle_003539_ABNORMAL.wav,44100,8.0,0.0003392156056560082,0.003761798377764908,0.09017378700066188,0.002471923828125,0.025146484375,0.025146484375,0.0983009708737864,保留
cycle_003541_ABNORMAL.wav,C:\Users\Z0343409\OneDrive - ZF Friedrichshafen AG\Desktop\实验音频\cangku\realtime_wav\abnormal\cycle_003541_ABNORMAL.wav,44100,8.0,1.5698790661977304e-05,0.0033980521105712036,0.004619938173737535,6.103515625e-05,0.02276611328125,0.02276611328125,0.002680965147453083,保留
cycle_003543_ABNORMAL.wav,C:\Users\Z0343409\OneDrive - ZF Friedrichshafen AG\Desktop\实验音频\cangku\realtime_wav\abnormal\cycle_003543_ABNORMAL.wav,44100,8.0,1.5235415871762131e-05,0.0035790204501315124,0.004256867509992098,9.1552734375e-05,0.019317626953125,0.019317626953125,0.004739336492890996,保留
cycle_003546_ABNORMAL.wav,C:\Users\Z0343409\OneDrive - ZF Friedrichshafen AG\Desktop\实验音频\cangku\realtime_wav\abnormal\cycle_003546_ABNORMAL.wav,44100,8.0,1.4622724113462981e-05,0.003316131186293468,0.0044095734734207566,6.103515625e-05,0.020294189453125,0.020294189453125,0.0030075187969924814,保留
cycle_003547_ABNORMAL.wav,C:\Users\Z0343409\OneDrive - ZF Friedrichshafen AG\Desktop\实验音频\cangku\realtime_wav\abnormal\cycle_003547_ABNORMAL.wav,44100,8.0,1.7452990949912644e-05,0.0033845107972981982,0.005156724854843155,6.103515625e-05,0.02978515625,0.02978515625,0.0020491803278688526,保留
cycle_003549_ABNORMAL.wav,C:\Users\Z0343409\OneDrive - ZF Friedrichshafen AG\Desktop\实验音频\cangku\realtime_wav\abnormal\cycle_003549_ABNORMAL.wav,44100,8.0,1.6812796566083857e-05,0.0033583788711568506,0.005006223898821875,9.1552734375e-05,0.019927978515625,0.019927978515625,0.004594180704441042,保留
cycle_003551_ABNORMAL.wav,C:\Users\Z0343409\OneDrive - ZF Friedrichshafen AG\Desktop\实验音频\cangku\realtime_wav\abnormal\cycle_003551_ABNORMAL.wav,44100,8.0,1.5106653766662445e-05,0.003487904447123503,0.0043311547078421254,6.103515625e-05,0.024261474609375,0.024261474609375,0.0025157232704402514,保留
cycle_003553_ABNORMAL.wav,C:\Users\Z0343409\OneDrive - ZF Friedrichshafen AG\Desktop\实验音频\cangku\realtime_wav\abnormal\cycle_003553_ABNORMAL.wav,44100,8.0,3.572190471681026e-05,0.0034498229320606786,0.010354706725620999,0.000244140625,0.02264404296875,0.02264404296875,0.01078167115902965,保留
cycle_003555_ABNORMAL.wav,C:\Users\Z0343409\OneDrive - ZF Friedrichshafen AG\Desktop\实验音频\cangku\realtime_wav\abnormal\cycle_003555_ABNORMAL.wav,44100,8.0,1.4641667226576967e-05,0.003384323749894293,0.004326319911632062,6.103515625e-05,0.027435302734375,0.027435302734375,0.002224694104560623,保留
cycle_003556_ABNORMAL.wav,C:\Users\Z0343409\OneDrive - ZF Friedrichshafen AG\Desktop\实验音频\cangku\realtime_wav\abnormal\cycle_003556_ABNORMAL.wav,44100,8.0,7.604146341627822e-05,0.0035804282342505067,0.021238091770381773,0.000732421875,0.028076171875,0.028076171875,0.02608695652173913,保留
cycle_003558_ABNORMAL.wav,C:\Users\Z0343409\OneDrive - ZF Friedrichshafen AG\Desktop\实验音频\cangku\realtime_wav\abnormal\cycle_003558_ABNORMAL.wav,44100,8.0,2.1192208972715173e-05,0.0035204888563183804,0.006019677902027884,0.000213623046875,0.02294921875,0.02294921875,0.009308510638297872,保留
cycle_003560_ABNORMAL.wav,C:\Users\Z0343409\OneDrive - ZF Friedrichshafen AG\Desktop\实验音频\cangku\realtime_wav\abnormal\cycle_003560_ABNORMAL.wav,44100,8.0,1.478519882583479e-05,0.0031860074866795238,0.004640666692608439,6.103515625e-05,0.02606201171875,0.02606201171875,0.00234192037470726,保留
cycle_003562_ABNORMAL.wav,C:\Users\Z0343409\OneDrive - ZF Friedrichshafen AG\Desktop\实验音频\cangku\realtime_wav\abnormal\cycle_003562_ABNORMAL.wav,44100,8.0,1.4826206992985105e-05,0.00301515244412309,0.004917232965080502,6.103515625e-05,0.02264404296875,0.02264404296875,0.0026954177897574125,保留
cycle_003564_ABNORMAL.wav,C:\Users\Z0343409\OneDrive - ZF Friedrichshafen AG\Desktop\实验音频\cangku\realtime_wav\abnormal\cycle_003564_ABNORMAL.wav,44100,8.0,2.9640393187794142e-05,0.0034963256629516434,0.008477583624967972,0.00018310546875,0.024627685546875,0.024627685546875,0.007434944237918215,保留
cycle_003566_ABNORMAL.wav,C:\Users\Z0343409\OneDrive - ZF Friedrichshafen AG\Desktop\实验音频\cangku\realtime_wav\abnormal\cycle_003566_ABNORMAL.wav,44100,8.0,1.4965323412743473e-05,0.0033803186156004597,0.004427193147911332,6.103515625e-05,0.029449462890625,0.029449462890625,0.002072538860103627,保留
cycle_003567_ABNORMAL.wav,C:\Users\Z0343409\OneDrive - ZF Friedrichshafen AG\Desktop\实验音频\cangku\realtime_wav\abnormal\cycle_003567_ABNORMAL.wav,44100,8.0,1.5406852539874642e-05,0.003435760225389823,0.004484263024532386,6.103515625e-05,0.02655029296875,0.02655029296875,0.0022988505747126436,保留
cycle_003569_ABNORMAL.wav,C:\Users\Z0343409\OneDrive - ZF Friedrichshafen AG\Desktop\实验音频\cangku\realtime_wav\abnormal\cycle_003569_ABNORMAL.wav,44100,8.0,3.3965376510051344e-05,0.00333654599840293,0.010179801665047988,0.000244140625,0.02545166015625,0.02545166015625,0.009592326139088728,保留
cycle_003570_ABNORMAL.wav,C:\Users\Z0343409\OneDrive - ZF Friedrichshafen AG\Desktop\实验音频\cangku\realtime_wav\abnormal\cycle_003570_ABNORMAL.wav,44100,8.0,2.8698296210215744e-05,0.0037413315243064885,0.007670610322493514,0.000244140625,0.024444580078125,0.024444580078125,0.009987515605493134,保留
cycle_003572_ABNORMAL.wav,C:\Users\Z0343409\OneDrive - ZF Friedrichshafen AG\Desktop\实验音频\cangku\realtime_wav\abnormal\cycle_003572_ABNORMAL.wav,44100,8.0,1.9030360038821977e-05,0.0036000115400257712,0.005286194176668041,9.1552734375e-05,0.020751953125,0.020751953125,0.004411764705882353,保留
cycle_003574_ABNORMAL.wav,C:\Users\Z0343409\OneDrive - ZF Friedrichshafen AG\Desktop\实验音频\cangku\realtime_wav\abnormal\cycle_003574_ABNORMAL.wav,44100,8.0,2.7159532629545333e-05,0.003483044035439158,0.007797642623292569,0.00018310546875,0.023590087890625,0.023590087890625,0.007761966364812419,保留
cycle_003576_ABNORMAL.wav,C:\Users\Z0343409\OneDrive - ZF Friedrichshafen AG\Desktop\实验音频\cangku\realtime_wav\abnormal\cycle_003576_ABNORMAL.wav,44100,8.0,0.00012870991986009046,0.0033616234262096602,0.038288024427892295,0.000640869140625,0.024749755859375,0.024749755859375,0.025893958076448828,保留
cycle_003578_ABNORMAL.wav,C:\Users\Z0343409\OneDrive - ZF Friedrichshafen AG\Desktop\实验音频\cangku\realtime_wav\abnormal\cycle_003578_ABNORMAL.wav,44100,8.0,1.4985595069522427e-05,0.003297544759822406,0.004544470556429839,6.103515625e-05,0.022308349609375,0.022308349609375,0.0027359781121751026,保留
cycle_003580_ABNORMAL.wav,C:\Users\Z0343409\OneDrive - ZF Friedrichshafen AG\Desktop\实验音频\cangku\realtime_wav\abnormal\cycle_003580_ABNORMAL.wav,44100,8.0,2.994563661847051e-05,0.003291870695095292,0.00909684474031373,0.000152587890625,0.023101806640625,0.023101806640625,0.0066050198150594455,保留
cycle_003582_ABNORMAL.wav,C:\Users\Z0343409\OneDrive - ZF Friedrichshafen AG\Desktop\实验音频\cangku\realtime_wav\abnormal\cycle_003582_ABNORMAL.wav,44100,8.0,1.6406728313061273e-05,0.0033881040488575715,0.004842451139773416,6.103515625e-05,0.0203857421875,0.0203857421875,0.0029940119760479044,保留
cycle_003584_ABNORMAL.wav,C:\Users\Z0343409\OneDrive - ZF Friedrichshafen AG\Desktop\实验音频\cangku\realtime_wav\abnormal\cycle_003584_ABNORMAL.wav,44100,8.0,1.7508110961649593e-05,0.0034593360055034895,0.005061118935482352,9.1552734375e-05,0.03057861328125,0.03057861328125,0.0029940119760479044,保留
cycle_003586_ABNORMAL.wav,C:\Users\Z0343409\OneDrive - ZF Friedrichshafen AG\Desktop\实验音频\cangku\realtime_wav\abnormal\cycle_003586_ABNORMAL.wav,44100,8.0,1.4651580035190108e-05,0.003119651106069861,0.0046965444330241725,6.103515625e-05,0.018096923828125,0.018096923828125,0.003372681281618887,保留
cycle_003588_ABNORMAL.wav,C:\Users\Z0343409\OneDrive - ZF Friedrichshafen AG\Desktop\实验音频\cangku\realtime_wav\abnormal\cycle_003588_ABNORMAL.wav,44100,8.0,1.4647976153685538e-05,0.0031658905967084684,0.004626810594438997,6.103515625e-05,0.021759033203125,0.021759033203125,0.002805049088359046,保留
cycle_003590_ABNORMAL.wav,C:\Users\Z0343409\OneDrive - ZF Friedrichshafen AG\Desktop\实验音频\cangku\realtime_wav\abnormal\cycle_003590_ABNORMAL.wav,44100,8.0,3.524727773261823e-05,0.0033929091432164885,0.010388512113001559,0.000396728515625,0.019256591796875,0.019256591796875,0.020602218700475437,保留
cycle_003592_ABNORMAL.wav,C:\Users\Z0343409\OneDrive - ZF Friedrichshafen AG\Desktop\实验音频\cangku\realtime_wav\abnormal\cycle_003592_ABNORMAL.wav,44100,8.0,1.4771801983409539e-05,0.003138426369970839,0.004706754354586561,6.103515625e-05,0.020416259765625,0.020416259765625,0.0029895366218236174,保留
cycle_003594_ABNORMAL.wav,C:\Users\Z0343409\OneDrive - ZF Friedrichshafen AG\Desktop\实验音频\cangku\realtime_wav\abnormal\cycle_003594_ABNORMAL.wav,44100,8.0,4.150775791312167e-05,0.0035227074256733854,0.011782913792560343,0.0003662109375,0.02545166015625,0.02545166015625,0.014388489208633094,保留
cycle_003595_ABNORMAL.wav,C:\Users\Z0343409\OneDrive - ZF Friedrichshafen AG\Desktop\实验音频\cangku\realtime_wav\abnormal\cycle_003595_ABNORMAL.wav,44100,8.0,2.0686674439132714e-05,0.003386829918443174,0.0061079755810831415,0.000152587890625,0.022247314453125,0.022247314453125,0.006858710562414266,保留
cycle_003597_ABNORMAL.wav,C:\Users\Z0343409\OneDrive - ZF Friedrichshafen AG\Desktop\实验音频\cangku\realtime_wav\abnormal\cycle_003597_ABNORMAL.wav,44100,8.0,1.690752170674099e-05,0.0034756326394047277,0.004864588252237366,9.1552734375e-05,0.020477294921875,0.020477294921875,0.004470938897168405,保留
cycle_003599_ABNORMAL.wav,C:\Users\Z0343409\OneDrive - ZF Friedrichshafen AG\Desktop\实验音频\cangku\realtime_wav\abnormal\cycle_003599_ABNORMAL.wav,44100,8.0,7.773544841220797e-05,0.003480955151100491,0.02233164319500991,0.000518798828125,0.026214599609375,0.026214599609375,0.01979045401629802,保留
cycle_003600_ABNORMAL.wav,C:\Users\Z0343409\OneDrive - ZF Friedrichshafen AG\Desktop\实验音频\cangku\realtime_wav\abnormal\cycle_003600_ABNORMAL.wav,44100,8.0,1.470553227384849e-05,0.0032094605680231124,0.004581932683755157,6.103515625e-05,0.0206298828125,0.0206298828125,0.0029585798816568047,保留
cycle_003601_ABNORMAL.wav,C:\Users\Z0343409\OneDrive - ZF Friedrichshafen AG\Desktop\实验音频\cangku\realtime_wav\abnormal\cycle_003601_ABNORMAL.wav,44100,8.0,0.00032131661465752105,0.0032510599120276727,0.09883441811354292,0.001861572265625,0.01885986328125,0.01885986328125,0.09870550161812297,保留
cycle_003603_ABNORMAL.wav,C:\Users\Z0343409\OneDrive - ZF Friedrichshafen AG\Desktop\实验音频\cangku\realtime_wav\abnormal\cycle_003603_ABNORMAL.wav,44100,8.0,1.4636257410310063e-05,0.0032724132881657717,0.004472618866094956,6.103515625e-05,0.02081298828125,0.02081298828125,0.002932551319648094,保留
cycle_003605_ABNORMAL.wav,C:\Users\Z0343409\OneDrive - ZF Friedrichshafen AG\Desktop\实验音频\cangku\realtime_wav\abnormal\cycle_003605_ABNORMAL.wav,44100,8.0,1.4893712238492572e-05,0.0034697820202857347,0.004292405733679513,6.103515625e-05,0.023223876953125,0.023223876953125,0.002628120893561104,保留
cycle_003607_ABNORMAL.wav,C:\Users\Z0343409\OneDrive - ZF Friedrichshafen AG\Desktop\实验音频\cangku\realtime_wav\abnormal\cycle_003607_ABNORMAL.wav,44100,8.0,1.4681278302275704e-05,0.0035188965711349476,0.004172125552852087,6.103515625e-05,0.024505615234375,0.024505615234375,0.0024906600249066002,保留
cycle_003609_ABNORMAL.wav,C:\Users\Z0343409\OneDrive - ZF Friedrichshafen AG\Desktop\实验音频\cangku\realtime_wav\abnormal\cycle_003609_ABNORMAL.wav,44100,8.0,1.4645272660570689e-05,0.0033296404466465835,0.00439845469660862,6.103515625e-05,0.01904296875,0.01904296875,0.003205128205128205,保留
cycle_003611_ABNORMAL.wav,C:\Users\Z0343409\OneDrive - ZF Friedrichshafen AG\Desktop\实验音频\cangku\realtime_wav\abnormal\cycle_003611_ABNORMAL.wav,44100,8.0,1.5048000527348355e-05,0.003318990256211025,0.004533909221091605,6.103515625e-05,0.02099609375,0.02099609375,0.0029069767441860465,保留
cycle_003613_ABNORMAL.wav,C:\Users\Z0343409\OneDrive - ZF Friedrichshafen AG\Desktop\实验音频\cangku\realtime_wav\abnormal\cycle_003613_ABNORMAL.wav,44100,8.0,1.5029569561225299e-05,0.0030833823827384863,0.004874377451646748,6.103515625e-05,0.018951416015625,0.018951416015625,0.00322061191626409,保留
cycle_003615_ABNORMAL.wav,C:\Users\Z0343409\OneDrive - ZF Friedrichshafen AG\Desktop\实验音频\cangku\realtime_wav\abnormal\cycle_003615_ABNORMAL.wav,44100,8.0,1.4731538357885381e-05,0.0032624523520403898,0.004515480003461826,6.103515625e-05,0.0257568359375,0.0257568359375,0.002369668246445498,保留
cycle_003617_ABNORMAL.wav,C:\Users\Z0343409\OneDrive - ZF Friedrichshafen AG\Desktop\实验音频\cangku\realtime_wav\abnormal\cycle_003617_ABNORMAL.wav,44100,8.0,4.077532660264469e-05,0.0032793386191810915,0.01243400921275614,0.00030517578125,0.02593994140625,0.02593994140625,0.011764705882352941,保留
cycle_003619_ABNORMAL.wav,C:\Users\Z0343409\OneDrive - ZF Friedrichshafen AG\Desktop\实验音频\cangku\realtime_wav\abnormal\cycle_003619_ABNORMAL.wav,44100,8.0,1.5879357770237787e-05,0.0033482178799263134,0.004742629762967294,6.103515625e-05,0.02252197265625,0.02252197265625,0.0027100271002710027,保留
cycle_003621_ABNORMAL.wav,C:\Users\Z0343409\OneDrive - ZF Friedrichshafen AG\Desktop\实验音频\cangku\realtime_wav\abnormal\cycle_003621_ABNORMAL.wav,44100,8.0,1.472078279181935e-05,0.0032170631425880495,0.0045758451542162884,6.103515625e-05,0.0234375,0.0234375,0.0026041666666666665,保留
cycle_003623_ABNORMAL.wav,C:\Users\Z0343409\OneDrive - ZF Friedrichshafen AG\Desktop\实验音频\cangku\realtime_wav\abnormal\cycle_003623_ABNORMAL.wav,44100,8.0,2.8999801871097718e-05,0.003245973546870422,0.008934084474920516,0.000213623046875,0.0201416015625,0.0201416015625,0.010606060606060607,保留
cycle_003625_ABNORMAL.wav,C:\Users\Z0343409\OneDrive - ZF Friedrichshafen AG\Desktop\实验音频\cangku\realtime_wav\abnormal\cycle_003625_ABNORMAL.wav,44100,8.0,2.432567139680516e-05,0.003417131286699964,0.007118740649937762,0.0001220703125,0.025665283203125,0.025665283203125,0.0047562425683709865,保留
cycle_003627_ABNORMAL.wav,C:\Users\Z0343409\OneDrive - ZF Friedrichshafen AG\Desktop\实验音频\cangku\realtime_wav\abnormal\cycle_003627_ABNORMAL.wav,44100,8.0,3.872866882964399e-05,0.0033795710682454406,0.011459640305700276,0.00054931640625,0.0203857421875,0.0203857421875,0.02694610778443114,保留
cycle_003629_ABNORMAL.wav,C:\Users\Z0343409\OneDrive - ZF Friedrichshafen AG\Desktop\实验音频\cangku\realtime_wav\abnormal\cycle_003629_ABNORMAL.wav,44100,8.0,1.4870652823829073e-05,0.0038232317651532843,0.0038895504477042516,6.103515625e-05,0.02423095703125,0.02423095703125,0.0025188916876574307,保留
cycle_003631_ABNORMAL.wav,C:\Users\Z0343409\OneDrive - ZF Friedrichshafen AG\Desktop\实验音频\cangku\realtime_wav\abnormal\cycle_003631_ABNORMAL.wav,44100,8.0,1.4907884918981238e-05,0.003280927900471487,0.00454380144008617,6.103515625e-05,0.020660400390625,0.020660400390625,0.0029542097488921715,保留
cycle_003632_ABNORMAL.wav,C:\Users\Z0343409\OneDrive - ZF Friedrichshafen AG\Desktop\实验音频\cangku\realtime_wav\abnormal\cycle_003632_ABNORMAL.wav,44100,8.0,1.508391988806785e-05,0.0031909461741509463,0.00472709944475369,6.103515625e-05,0.02197265625,0.02197265625,0.002777777777777778,保留
cycle_003634_ABNORMAL.wav,C:\Users\Z0343409\OneDrive - ZF Friedrichshafen AG\Desktop\实验音频\cangku\realtime_wav\abnormal\cycle_003634_ABNORMAL.wav,44100,8.0,8.071641672727638e-05,0.0035299192586768805,0.022866363452610897,0.00115966796875,0.026519775390625,0.026519775390625,0.04372842347525892,保留
cycle_003636_ABNORMAL.wav,C:\Users\Z0343409\OneDrive - ZF Friedrichshafen AG\Desktop\实验音频\cangku\realtime_wav\abnormal\cycle_003636_ABNORMAL.wav,44100,8.0,1.5004080053874055e-05,0.003454904779733773,0.004342834610634402,6.103515625e-05,0.023956298828125,0.023956298828125,0.0025477707006369425,保留
cycle_003638_ABNORMAL.wav,C:\Users\Z0343409\OneDrive - ZF Friedrichshafen AG\Desktop\实验音频\cangku\realtime_wav\abnormal\cycle_003638_ABNORMAL.wav,44100,8.0,6.445783644943569e-05,0.0034622726843996396,0.01861720387879059,0.000518798828125,0.020751953125,0.020751953125,0.025,保留
cycle_003640_ABNORMAL.wav,C:\Users\Z0343409\OneDrive - ZF Friedrichshafen AG\Desktop\实验音频\cangku\realtime_wav\abnormal\cycle_003640_ABNORMAL.wav,44100,8.0,1.5099662372666955e-05,0.0034739465940784465,0.0043465441864895815,6.103515625e-05,0.02362060546875,0.02362060546875,0.002583979328165375,保留
cycle_003642_ABNORMAL.wav,C:\Users\Z0343409\OneDrive - ZF Friedrichshafen AG\Desktop\实验音频\cangku\realtime_wav\abnormal\cycle_003642_ABNORMAL.wav,44100,8.0,1.7646279703181925e-05,0.003233328611220695,0.005457620249900871,9.1552734375e-05,0.022491455078125,0.022491455078125,0.004070556309362279,保留
cycle_003644_ABNORMAL.wav,C:\Users\Z0343409\OneDrive - ZF Friedrichshafen AG\Desktop\实验音频\cangku\realtime_wav\abnormal\cycle_003644_ABNORMAL.wav,44100,8.0,1.5550111722697444e-05,0.0034748637623303737,0.00447502773814331,9.1552734375e-05,0.022796630859375,0.022796630859375,0.004016064257028112,保留
cycle_003646_ABNORMAL.wav,C:\Users\Z0343409\OneDrive - ZF Friedrichshafen AG\Desktop\实验音频\cangku\realtime_wav\abnormal\cycle_003646_ABNORMAL.wav,44100,8.0,1.4833327275298782e-05,0.0035270481096703766,0.004205592556174417,6.103515625e-05,0.021240234375,0.021240234375,0.0028735632183908046,保留
cycle_003647_ABNORMAL.wav,C:\Users\Z0343409\OneDrive - ZF Friedrichshafen AG\Desktop\实验音频\cangku\realtime_wav\abnormal\cycle_003647_ABNORMAL.wav,44100,8.0,2.4658180686097903e-05,0.0033895698657607568,0.0072747226529179705,0.000152587890625,0.023223876953125,0.023223876953125,0.006570302233902759,保留
cycle_003649_ABNORMAL.wav,C:\Users\Z0343409\OneDrive - ZF Friedrichshafen AG\Desktop\实验音频\cangku\realtime_wav\abnormal\cycle_003649_ABNORMAL.wav,44100,8.0,1.4923813096406485e-05,0.003361520988258683,0.0044396013437171,6.103515625e-05,0.026153564453125,0.026153564453125,0.002333722287047841,保留
cycle_003651_ABNORMAL.wav,C:\Users\Z0343409\OneDrive - ZF Friedrichshafen AG\Desktop\实验音频\cangku\realtime_wav\abnormal\cycle_003651_ABNORMAL.wav,44100,8.0,1.9996274481315382e-05,0.0037064682776824787,0.0053949671178133846,0.0001220703125,0.023681640625,0.023681640625,0.005154639175257732,保留
cycle_003653_ABNORMAL.wav,C:\Users\Z0343409\OneDrive - ZF Friedrichshafen AG\Desktop\实验音频\cangku\realtime_wav\abnormal\cycle_003653_ABNORMAL.wav,44100,8.0,0.0001095463985255234,0.0035027675139414063,0.03127424189287941,0.00079345703125,0.0196533203125,0.0196533203125,0.040372670807453416,保留
cycle_003655_ABNORMAL.wav,C:\Users\Z0343409\OneDrive - ZF Friedrichshafen AG\Desktop\实验音频\cangku\realtime_wav\abnormal\cycle_003655_ABNORMAL.wav,44100,8.0,2.304565054480193e-05,0.0035356163433101885,0.006518142328538297,0.000152587890625,0.020111083984375,0.020111083984375,0.007587253414264037,保留
cycle_003657_ABNORMAL.wav,C:\Users\Z0343409\OneDrive - ZF Friedrichshafen AG\Desktop\实验音频\cangku\realtime_wav\abnormal\cycle_003657_ABNORMAL.wav,44100,8.0,9.874640410317878e-05,0.0037670666289119914,0.026213076069668252,0.00048828125,0.023529052734375,0.023529052734375,0.020752269779507133,保留
cycle_003659_ABNORMAL.wav,C:\Users\Z0343409\OneDrive - ZF Friedrichshafen AG\Desktop\实验音频\cangku\realtime_wav\abnormal\cycle_003659_ABNORMAL.wav,44100,8.0,1.5083044823824151e-05,0.003496952449892539,0.004313197002231944,6.103515625e-05,0.025146484375,0.025146484375,0.0024271844660194173,保留
cycle_003661_ABNORMAL.wav,C:\Users\Z0343409\OneDrive - ZF Friedrichshafen AG\Desktop\实验音频\cangku\realtime_wav\abnormal\cycle_003661_ABNORMAL.wav,44100,8.0,1.5143305629107186e-05,0.0035912507144225904,0.0042167219259549695,6.103515625e-05,0.02142333984375,0.02142333984375,0.002849002849002849,保留
cycle_003663_ABNORMAL.wav,C:\Users\Z0343409\OneDrive - ZF Friedrichshafen AG\Desktop\实验音频\cangku\realtime_wav\abnormal\cycle_003663_ABNORMAL.wav,44100,8.0,1.4961795103508359e-05,0.003426961773103113,0.004365906623452195,6.103515625e-05,0.024658203125,0.024658203125,0.0024752475247524753,保留
cycle_003665_ABNORMAL.wav,C:\Users\Z0343409\OneDrive - ZF Friedrichshafen AG\Desktop\实验音频\cangku\realtime_wav\abnormal\cycle_003665_ABNORMAL.wav,44100,8.0,1.574999391143896e-05,0.00350623746062737,0.004491992937814548,0.0001220703125,0.02593994140625,0.02593994140625,0.004705882352941176,保留
cycle_003667_ABNORMAL.wav,C:\Users\Z0343409\OneDrive - ZF Friedrichshafen AG\Desktop\实验音频\cangku\realtime_wav\abnormal\cycle_003667_ABNORMAL.wav,44100,8.0,1.4833327275298782e-05,0.003751849863370564,0.003953603639665077,6.103515625e-05,0.0235595703125,0.0235595703125,0.0025906735751295338,保留
cycle_003669_ABNORMAL.wav,C:\Users\Z0343409\OneDrive - ZF Friedrichshafen AG\Desktop\实验音频\cangku\realtime_wav\abnormal\cycle_003669_ABNORMAL.wav,44100,8.0,1.593826413002974e-05,0.0038708309840523444,0.004117530368981414,6.103515625e-05,0.025177001953125,0.025177001953125,0.0024242424242424242,保留
cycle_003671_ABNORMAL.wav,C:\Users\Z0343409\OneDrive - ZF Friedrichshafen AG\Desktop\实验音频\cangku\realtime_wav\abnormal\cycle_003671_ABNORMAL.wav,44100,8.0,4.263405801034897e-05,0.0036207976929134417,0.011774769436522664,0.000244140625,0.02294921875,0.02294921875,0.010638297872340425,保留
cycle_003673_ABNORMAL.wav,C:\Users\Z0343409\OneDrive - ZF Friedrichshafen AG\Desktop\实验音频\cangku\realtime_wav\abnormal\cycle_003673_ABNORMAL.wav,44100,8.0,1.589015977305751e-05,0.0032941105306620124,0.004823808923577343,9.1552734375e-05,0.02484130859375,0.02484130859375,0.0036855036855036856,保留
cycle_003674_ABNORMAL.wav,C:\Users\Z0343409\OneDrive - ZF Friedrichshafen AG\Desktop\实验音频\cangku\realtime_wav\abnormal\cycle_003674_ABNORMAL.wav,44100,8.0,1.4888394005065206e-05,0.0033194238437215333,0.00448523439789878,6.103515625e-05,0.02227783203125,0.02227783203125,0.0027397260273972603,保留
cycle_003676_ABNORMAL.wav,C:\Users\Z0343409\OneDrive - ZF Friedrichshafen AG\Desktop\实验音频\cangku\realtime_wav\abnormal\cycle_003676_ABNORMAL.wav,44100,8.0,1.547097144970103e-05,0.0034644282012624554,0.004465663754862441,9.1552734375e-05,0.0238037109375,0.0238037109375,0.0038461538461538464,保留
cycle_003678_ABNORMAL.wav,C:\Users\Z0343409\OneDrive - ZF Friedrichshafen AG\Desktop\实验音频\cangku\realtime_wav\abnormal\cycle_003678_ABNORMAL.wav,44100,8.0,1.8858968351841467e-05,0.0032962647868500883,0.0057213147521025165,0.0001220703125,0.02899169921875,0.02899169921875,0.004210526315789474,保留
cycle_003679_ABNORMAL.wav,C:\Users\Z0343409\OneDrive - ZF Friedrichshafen AG\Desktop\实验音频\cangku\realtime_wav\abnormal\cycle_003679_ABNORMAL.wav,44100,8.0,1.4982952495793811e-05,0.0031782424191314595,0.004714225826703397,6.103515625e-05,0.020233154296875,0.020233154296875,0.0030165912518853697,保留
cycle_003681_ABNORMAL.wav,C:\Users\Z0343409\OneDrive - ZF Friedrichshafen AG\Desktop\实验音频\cangku\realtime_wav\abnormal\cycle_003681_ABNORMAL.wav,44100,8.0,2.3334785393711323e-05,0.003618154818453045,0.006449360672655846,0.0001220703125,0.026092529296875,0.026092529296875,0.004678362573099415,保留
cycle_003683_ABNORMAL.wav,C:\Users\Z0343409\OneDrive - ZF Friedrichshafen AG\Desktop\实验音频\cangku\realtime_wav\abnormal\cycle_003683_ABNORMAL.wav,44100,8.0,1.4700145960643987e-05,0.003570053578745804,0.004117626146610465,6.103515625e-05,0.02655029296875,0.02655029296875,0.0022988505747126436,保留
cycle_003685_ABNORMAL.wav,C:\Users\Z0343409\OneDrive - ZF Friedrichshafen AG\Desktop\实验音频\cangku\realtime_wav\abnormal\cycle_003685_ABNORMAL.wav,44100,8.0,1.512324537382312e-05,0.003154646350830481,0.004793959034375383,6.103515625e-05,0.021728515625,0.021728515625,0.0028089887640449437,保留
cycle_003687_ABNORMAL.wav,C:\Users\Z0343409\OneDrive - ZF Friedrichshafen AG\Desktop\实验音频\cangku\realtime_wav\abnormal\cycle_003687_ABNORMAL.wav,44100,8.0,1.625965227443168e-05,0.0036956329613484946,0.004399693488094315,9.1552734375e-05,0.027130126953125,0.027130126953125,0.003374578177727784,保留
cycle_003689_ABNORMAL.wav,C:\Users\Z0343409\OneDrive - ZF Friedrichshafen AG\Desktop\实验音频\cangku\realtime_wav\abnormal\cycle_003689_ABNORMAL.wav,44100,8.0,1.527694348779349e-05,0.0032582908492356922,0.004688637139737557,6.103515625e-05,0.027679443359375,0.027679443359375,0.002205071664829107,保留
cycle_003691_ABNORMAL.wav,C:\Users\Z0343409\OneDrive - ZF Friedrichshafen AG\Desktop\实验音频\cangku\realtime_wav\abnormal\cycle_003691_ABNORMAL.wav,44100,8.0,1.4624529276621943e-05,0.0033227528691625262,0.004401329214804934,6.103515625e-05,0.02862548828125,0.02862548828125,0.0021321961620469083,保留
cycle_003693_ABNORMAL.wav,C:\Users\Z0343409\OneDrive - ZF Friedrichshafen AG\Desktop\实验音频\cangku\realtime_wav\abnormal\cycle_003693_ABNORMAL.wav,44100,8.0,1.4702839363902424e-05,0.003490933351485641,0.004211721589484176,6.103515625e-05,0.024505615234375,0.024505615234375,0.0024906600249066002,保留
cycle_003695_ABNORMAL.wav,C:\Users\Z0343409\OneDrive - ZF Friedrichshafen AG\Desktop\实验音频\cangku\realtime_wav\abnormal\cycle_003695_ABNORMAL.wav,44100,8.0,0.00011497597381660037,0.0033546455585182914,0.03427365777128,0.001129150390625,0.019378662109375,0.019378662109375,0.05826771653543307,保留
cycle_003697_ABNORMAL.wav,C:\Users\Z0343409\OneDrive - ZF Friedrichshafen AG\Desktop\实验音频\cangku\realtime_wav\abnormal\cycle_003697_ABNORMAL.wav,44100,8.0,1.470553227384849e-05,0.0035749708494638003,0.0041134691422880084,6.103515625e-05,0.029693603515625,0.029693603515625,0.0020554984583761563,保留
cycle_003699_ABNORMAL.wav,C:\Users\Z0343409\OneDrive - ZF Friedrichshafen AG\Desktop\实验音频\cangku\realtime_wav\abnormal\cycle_003699_ABNORMAL.wav,44100,8.0,1.587187515405059e-05,0.0033522556461773995,0.004734685187912026,9.1552734375e-05,0.022216796875,0.022216796875,0.004120879120879121,保留
cycle_003701_ABNORMAL.wav,C:\Users\Z0343409\OneDrive - ZF Friedrichshafen AG\Desktop\实验音频\cangku\realtime_wav\abnormal\cycle_003701_ABNORMAL.wav,44100,8.0,1.8886243950293815e-05,0.0035140351674115516,0.005374517627325135,0.00018310546875,0.025634765625,0.025634765625,0.007142857142857143,保留
cycle_003703_ABNORMAL.wav,C:\Users\Z0343409\OneDrive - ZF Friedrichshafen AG\Desktop\实验音频\cangku\realtime_wav\abnormal\cycle_003703_ABNORMAL.wav,44100,8.0,1.4776268947128144e-05,0.003244162076199134,0.004554725873757839,6.103515625e-05,0.025054931640625,0.025054931640625,0.00243605359317905,保留
cycle_003705_ABNORMAL.wav,C:\Users\Z0343409\OneDrive - ZF Friedrichshafen AG\Desktop\实验音频\cangku\realtime_wav\abnormal\cycle_003705_ABNORMAL.wav,44100,8.0,3.1830533648441665e-05,0.003584140111256266,0.008880940102892585,0.00018310546875,0.023223876953125,0.023223876953125,0.00788436268068331,保留
cycle_003707_ABNORMAL.wav,C:\Users\Z0343409\OneDrive - ZF Friedrichshafen AG\Desktop\实验音频\cangku\realtime_wav\abnormal\cycle_003707_ABNORMAL.wav,44100,8.0,1.57625593953764e-05,0.003293474387360764,0.004785997260482046,6.103515625e-05,0.0230712890625,0.0230712890625,0.0026455026455026454,保留
cycle_003709_ABNORMAL.wav,C:\Users\Z0343409\OneDrive - ZF Friedrichshafen AG\Desktop\实验音频\cangku\realtime_wav\abnormal\cycle_003709_ABNORMAL.wav,44100,8.0,1.502781305218392e-05,0.0035183781962843004,0.004271232998219049,6.103515625e-05,0.0211181640625,0.0211181640625,0.002890173410404624,保留
cycle_003711_ABNORMAL.wav,C:\Users\Z0343409\OneDrive - ZF Friedrichshafen AG\Desktop\实验音频\cangku\realtime_wav\abnormal\cycle_003711_ABNORMAL.wav,44100,8.0,1.4783413281618892e-05,0.0035852286035578506,0.004123422776151114,6.103515625e-05,0.02880859375,0.02880859375,0.00211864406779661,保留
cycle_003713_ABNORMAL.wav,C:\Users\Z0343409\OneDrive - ZF Friedrichshafen AG\Desktop\实验音频\cangku\realtime_wav\abnormal\cycle_003713_ABNORMAL.wav,44100,8.0,1.8124489294951362e-05,0.0033750610880010296,0.005370121850353256,9.1552734375e-05,0.02874755859375,0.02874755859375,0.0031847133757961785,保留
cycle_003715_ABNORMAL.wav,C:\Users\Z0343409\OneDrive - ZF Friedrichshafen AG\Desktop\实验音频\cangku\realtime_wav\abnormal\cycle_003715_ABNORMAL.wav,44100,8.0,1.5994478099190774e-05,0.0032692607821441302,0.00489238368090687,6.103515625e-05,0.02740478515625,0.02740478515625,0.0022271714922048997,保留
cycle_003717_ABNORMAL.wav,C:\Users\Z0343409\OneDrive - ZF Friedrichshafen AG\Desktop\实验音频\cangku\realtime_wav\abnormal\cycle_003717_ABNORMAL.wav,44100,8.0,1.4585669034359695e-05,0.0028167421136750252,0.0051782053328728985,3.0517578125e-05,0.019561767578125,0.019561767578125,0.0015600624024961,保留
cycle_003719_ABNORMAL.wav,C:\Users\Z0343409\OneDrive - ZF Friedrichshafen AG\Desktop\实验音频\cangku\realtime_wav\abnormal\cycle_003719_ABNORMAL.wav,44100,8.0,1.491939030844331e-05,0.0031588119730064732,0.004723101734429426,6.103515625e-05,0.022705078125,0.022705078125,0.002688172043010753,保留
cycle_003721_ABNORMAL.wav,C:\Users\Z0343409\OneDrive - ZF Friedrichshafen AG\Desktop\实验音频\cangku\realtime_wav\abnormal\cycle_003721_ABNORMAL.wav,44100,8.0,1.662728452919628e-05,0.0033028190184088103,0.0050342705538878605,9.1552734375e-05,0.022491455078125,0.022491455078125,0.004070556309362279,保留
cycle_003723_ABNORMAL.wav,C:\Users\Z0343409\OneDrive - ZF Friedrichshafen AG\Desktop\实验音频\cangku\realtime_wav\abnormal\cycle_003723_ABNORMAL.wav,44100,8.0,6.81400813220762e-05,0.0033870897208347845,0.02011758971217401,0.0006103515625,0.024444580078125,0.024444580078125,0.024968789013732832,保留
cycle_003725_ABNORMAL.wav,C:\Users\Z0343409\OneDrive - ZF Friedrichshafen AG\Desktop\实验音频\cangku\realtime_wav\abnormal\cycle_003725_ABNORMAL.wav,44100,8.0,1.5066408946608437e-05,0.0032257235206930327,0.004670706850713443,6.103515625e-05,0.02716064453125,0.02716064453125,0.0022471910112359553,保留
cycle_003727_ABNORMAL.wav,C:\Users\Z0343409\OneDrive - ZF Friedrichshafen AG\Desktop\实验音频\cangku\realtime_wav\abnormal\cycle_003727_ABNORMAL.wav,44100,8.0,1.4795907566127538e-05,0.0032713738613022545,0.0045228421432204164,6.103515625e-05,0.022125244140625,0.022125244140625,0.002758620689655172,保留
cycle_003729_ABNORMAL.wav,C:\Users\Z0343409\OneDrive - ZF Friedrichshafen AG\Desktop\实验音频\cangku\realtime_wav\abnormal\cycle_003729_ABNORMAL.wav,44100,8.0,1.465428236468993e-05,0.003498815885909943,0.004188354815611787,6.103515625e-05,0.02374267578125,0.02374267578125,0.002570694087403599,保留
cycle_003731_ABNORMAL.wav,C:\Users\Z0343409\OneDrive - ZF Friedrichshafen AG\Desktop\实验音频\cangku\realtime_wav\abnormal\cycle_003731_ABNORMAL.wav,44100,8.0,1.7474153427225625e-05,0.003554648316598314,0.004915859986944598,6.103515625e-05,0.021209716796875,0.021209716796875,0.0028776978417266188,保留
cycle_003733_ABNORMAL.wav,C:\Users\Z0343409\OneDrive - ZF Friedrichshafen AG\Desktop\实验音频\cangku\realtime_wav\abnormal\cycle_003733_ABNORMAL.wav,44100,8.0,1.4780734560862155e-05,0.0034474869903066757,0.004287393861795927,6.103515625e-05,0.022705078125,0.022705078125,0.002688172043010753,保留
cycle_003735_ABNORMAL.wav,C:\Users\Z0343409\OneDrive - ZF Friedrichshafen AG\Desktop\实验音频\cangku\realtime_wav\abnormal\cycle_003735_ABNORMAL.wav,44100,8.0,1.4632649754990209e-05,0.003191594134974847,0.0045847464107793045,6.103515625e-05,0.020263671875,0.020263671875,0.0030120481927710845,保留
cycle_003737_ABNORMAL.wav,C:\Users\Z0343409\OneDrive - ZF Friedrichshafen AG\Desktop\实验音频\cangku\realtime_wav\abnormal\cycle_003737_ABNORMAL.wav,44100,8.0,1.4754815187796023e-05,0.0033109902551027594,0.004456314894028009,6.103515625e-05,0.021270751953125,0.021270751953125,0.0028694404591104736,保留
cycle_003739_ABNORMAL.wav,C:\Users\Z0343409\OneDrive - ZF Friedrichshafen AG\Desktop\实验音频\cangku\realtime_wav\abnormal\cycle_003739_ABNORMAL.wav,44100,8.0,1.9757887022314812e-05,0.003490041576867343,0.005661218236846756,0.0001220703125,0.020263671875,0.020263671875,0.006024096385542169,保留
cycle_003741_ABNORMAL.wav,C:\Users\Z0343409\OneDrive - ZF Friedrichshafen AG\Desktop\实验音频\cangku\realtime_wav\abnormal\cycle_003741_ABNORMAL.wav,44100,8.0,1.533386032451763e-05,0.00350970639098862,0.004368986637710843,6.103515625e-05,0.02203369140625,0.02203369140625,0.002770083102493075,保留
cycle_003743_ABNORMAL.wav,C:\Users\Z0343409\OneDrive - ZF Friedrichshafen AG\Desktop\实验音频\cangku\realtime_wav\abnormal\cycle_003743_ABNORMAL.wav,44100,8.0,1.4842222824689228e-05,0.0033685769070754294,0.0044060810348471825,6.103515625e-05,0.0262451171875,0.0262451171875,0.002325581395348837,保留
cycle_003745_ABNORMAL.wav,C:\Users\Z0343409\OneDrive - ZF Friedrichshafen AG\Desktop\实验音频\cangku\realtime_wav\abnormal\cycle_003745_ABNORMAL.wav,44100,8.0,2.0807549722663748e-05,0.0034210278258116956,0.006082250943903624,0.000152587890625,0.020477294921875,0.020477294921875,0.007451564828614009,保留
cycle_003747_ABNORMAL.wav,C:\Users\Z0343409\OneDrive - ZF Friedrichshafen AG\Desktop\实验音频\cangku\realtime_wav\abnormal\cycle_003747_ABNORMAL.wav,44100,8.0,1.5905104281084755e-05,0.0034369738368757565,0.004627647761073053,9.1552734375e-05,0.018218994140625,0.018218994140625,0.005025125628140704,保留
cycle_003749_ABNORMAL.wav,C:\Users\Z0343409\OneDrive - ZF Friedrichshafen AG\Desktop\实验音频\cangku\realtime_wav\abnormal\cycle_003749_ABNORMAL.wav,44100,8.0,3.0214181242714276e-05,0.003287781162335317,0.00918983951512548,0.000244140625,0.01885986328125,0.01885986328125,0.012944983818770227,保留
cycle_003751_ABNORMAL.wav,C:\Users\Z0343409\OneDrive - ZF Friedrichshafen AG\Desktop\实验音频\cangku\realtime_wav\abnormal\cycle_003751_ABNORMAL.wav,44100,8.0,0.00017812297677017355,0.003644913094818435,0.048868922834783377,0.00146484375,0.022186279296875,0.022186279296875,0.06602475928473177,保留
cycle_003753_ABNORMAL.wav,C:\Users\Z0343409\OneDrive - ZF Friedrichshafen AG\Desktop\实验音频\cangku\realtime_wav\abnormal\cycle_003753_ABNORMAL.wav,44100,8.0,4.780347322097801e-05,0.0037689366773986845,0.012683543745280409,0.000244140625,0.022918701171875,0.022918701171875,0.010652463382157125,保留
cycle_003755_ABNORMAL.wav,C:\Users\Z0343409\OneDrive - ZF Friedrichshafen AG\Desktop\实验音频\cangku\realtime_wav\abnormal\cycle_003755_ABNORMAL.wav,44100,8.0,2.9860005596891357e-05,0.00362864186444216,0.00822897566428254,0.00018310546875,0.022491455078125,0.022491455078125,0.008141112618724558,保留
cycle_003757_ABNORMAL.wav,C:\Users\Z0343409\OneDrive - ZF Friedrichshafen AG\Desktop\实验音频\cangku\realtime_wav\abnormal\cycle_003757_ABNORMAL.wav,44100,8.0,0.0037838200561569795,0.000983034572467367,3.849122057487544,0.02557373046875,0.00482177734375,0.02557373046875,1.0,4秒强信号
cycle_003759_ABNORMAL.wav,C:\Users\Z0343409\OneDrive - ZF Friedrichshafen AG\Desktop\实验音频\cangku\realtime_wav\abnormal\cycle_003759_ABNORMAL.wav,44100,8.0,1.8603886681382696e-05,0.003459478548552953,0.005377656320246419,9.1552734375e-05,0.022216796875,0.022216796875,0.004120879120879121,保留
cycle_003761_ABNORMAL.wav,C:\Users\Z0343409\OneDrive - ZF Friedrichshafen AG\Desktop\实验音频\cangku\realtime_wav\abnormal\cycle_003761_ABNORMAL.wav,44100,8.0,1.5087419637508927e-05,0.003312327552347138,0.0045549298488967,6.103515625e-05,0.02117919921875,0.02117919921875,0.002881844380403458,保留
cycle_003763_ABNORMAL.wav,C:\Users\Z0343409\OneDrive - ZF Friedrichshafen AG\Desktop\实验音频\cangku\realtime_wav\abnormal\cycle_003763_ABNORMAL.wav,44100,8.0,1.4745866909219449e-05,0.0032296540406182173,0.00456577290439344,6.103515625e-05,0.018218994140625,0.018218994140625,0.0033500837520938024,保留
cycle_003765_ABNORMAL.wav,C:\Users\Z0343409\OneDrive - ZF Friedrichshafen AG\Desktop\实验音频\cangku\realtime_wav\abnormal\cycle_003765_ABNORMAL.wav,44100,8.0,2.0190710999158852e-05,0.0036185557981778358,0.0055797705287081965,9.1552734375e-05,0.027496337890625,0.027496337890625,0.003329633740288568,保留
cycle_003767_ABNORMAL.wav,C:\Users\Z0343409\OneDrive - ZF Friedrichshafen AG\Desktop\实验音频\cangku\realtime_wav\abnormal\cycle_003767_ABNORMAL.wav,44100,8.0,9.771364821827192e-05,0.003489529770930615,0.028001952879803886,0.00048828125,0.01922607421875,0.01922607421875,0.025396825396825397,保留
cycle_003769_ABNORMAL.wav,C:\Users\Z0343409\OneDrive - ZF Friedrichshafen AG\Desktop\实验音频\cangku\realtime_wav\abnormal\cycle_003769_ABNORMAL.wav,44100,8.0,5.7445323606844775e-05,0.003483243155061769,0.016491907412023922,0.00054931640625,0.02032470703125,0.02032470703125,0.02702702702702703,保留
cycle_003771_ABNORMAL.wav,C:\Users\Z0343409\OneDrive - ZF Friedrichshafen AG\Desktop\实验音频\cangku\realtime_wav\abnormal\cycle_003771_ABNORMAL.wav,44100,8.0,1.5308877474170574e-05,0.0032482569528294435,0.004712951498752445,6.103515625e-05,0.025115966796875,0.025115966796875,0.002430133657351154,保留
cycle_003773_ABNORMAL.wav,C:\Users\Z0343409\OneDrive - ZF Friedrichshafen AG\Desktop\实验音频\cangku\realtime_wav\abnormal\cycle_003773_ABNORMAL.wav,44100,8.0,1.4780734560862155e-05,0.0034694816299232238,0.004260214100395522,6.103515625e-05,0.028289794921875,0.028289794921875,0.002157497303128371,保留
cycle_003775_ABNORMAL.wav,C:\Users\Z0343409\OneDrive - ZF Friedrichshafen AG\Desktop\实验音频\cangku\realtime_wav\abnormal\cycle_003775_ABNORMAL.wav,44100,8.0,3.494415220947735e-05,0.0034603853550514846,0.01009834126088464,0.00042724609375,0.029022216796875,0.029022216796875,0.014721345951629864,保留
cycle_003777_ABNORMAL.wav,C:\Users\Z0343409\OneDrive - ZF Friedrichshafen AG\Desktop\实验音频\cangku\realtime_wav\abnormal\cycle_003777_ABNORMAL.wav,44100,8.0,1.5282990170590245e-05,0.0034120043819758647,0.004479182456893559,6.103515625e-05,0.02850341796875,0.02850341796875,0.0021413276231263384,保留
cycle_003779_ABNORMAL.wav,C:\Users\Z0343409\OneDrive - ZF Friedrichshafen AG\Desktop\实验音频\cangku\realtime_wav\abnormal\cycle_003779_ABNORMAL.wav,44100,8.0,6.584196257297762e-05,0.003538378044720861,0.018607950236185635,0.001007080078125,0.02630615234375,0.02630615234375,0.0382830626450116,保留
cycle_003781_ABNORMAL.wav,C:\Users\Z0343409\OneDrive - ZF Friedrichshafen AG\Desktop\实验音频\cangku\realtime_wav\abnormal\cycle_003781_ABNORMAL.wav,44100,8.0,1.5042736841350199e-05,0.003260709899459343,0.004613331852626457,6.103515625e-05,0.021148681640625,0.021148681640625,0.002886002886002886,保留
cycle_003783_ABNORMAL.wav,C:\Users\Z0343409\OneDrive - ZF Friedrichshafen AG\Desktop\实验音频\cangku\realtime_wav\abnormal\cycle_003783_ABNORMAL.wav,44100,8.0,7.158795128724303e-05,0.0034287507107400575,0.020878727363585897,0.0008544921875,0.0224609375,0.0224609375,0.03804347826086957,保留
cycle_003785_ABNORMAL.wav,C:\Users\Z0343409\OneDrive - ZF Friedrichshafen AG\Desktop\实验音频\cangku\realtime_wav\abnormal\cycle_003785_ABNORMAL.wav,44100,8.0,2.2356071723158578e-05,0.003597762910925918,0.006213881313653609,0.00018310546875,0.025238037109375,0.025238037109375,0.007255139056831923,保留
cycle_003787_ABNORMAL.wav,C:\Users\Z0343409\OneDrive - ZF Friedrichshafen AG\Desktop\实验音频\cangku\realtime_wav\abnormal\cycle_003787_ABNORMAL.wav,44100,8.0,1.462091872743061e-05,0.0034011003830021844,0.004298878915924434,3.0517578125e-05,0.0225830078125,0.0225830078125,0.0013513513513513514,保留
cycle_003789_ABNORMAL.wav,C:\Users\Z0343409\OneDrive - ZF Friedrichshafen AG\Desktop\实验音频\cangku\realtime_wav\abnormal\cycle_003789_ABNORMAL.wav,44100,8.0,4.17752786479948e-05,0.003624159276732706,0.011526888157536093,0.000457763671875,0.025787353515625,0.025787353515625,0.01775147928994083,保留
cycle_003791_ABNORMAL.wav,C:\Users\Z0343409\OneDrive - ZF Friedrichshafen AG\Desktop\实验音频\cangku\realtime_wav\abnormal\cycle_003791_ABNORMAL.wav,44100,8.0,1.514417721134792e-05,0.0035485351117587488,0.004267726465821008,6.103515625e-05,0.025421142578125,0.025421142578125,0.0024009603841536613,保留
cycle_003793_ABNORMAL.wav,C:\Users\Z0343409\OneDrive - ZF Friedrichshafen AG\Desktop\实验音频\cangku\realtime_wav\abnormal\cycle_003793_ABNORMAL.wav,44100,8.0,1.4713608046520821e-05,0.003608789210925543,0.004077159176262122,6.103515625e-05,0.02398681640625,0.02398681640625,0.002544529262086514,保留
cycle_003795_ABNORMAL.wav,C:\Users\Z0343409\OneDrive - ZF Friedrichshafen AG\Desktop\实验音频\cangku\realtime_wav\abnormal\cycle_003795_ABNORMAL.wav,44100,8.0,2.0007492588498684e-05,0.003518319817406616,0.005686661141353085,0.00018310546875,0.020660400390625,0.020660400390625,0.008862629246676515,保留
cycle_003797_ABNORMAL.wav,C:\Users\Z0343409\OneDrive - ZF Friedrichshafen AG\Desktop\实验音频\cangku\realtime_wav\abnormal\cycle_003797_ABNORMAL.wav,44100,8.0,5.7843507692928545e-05,0.0034075406440884338,0.01697514827688945,0.00042724609375,0.024658203125,0.024658203125,0.017326732673267328,保留
cycle_003799_ABNORMAL.wav,C:\Users\Z0343409\OneDrive - ZF Friedrichshafen AG\Desktop\实验音频\cangku\realtime_wav\abnormal\cycle_003799_ABNORMAL.wav,44100,8.0,4.4265041930381886e-05,0.003376299684349186,0.0131105192277724,0.000335693359375,0.02294921875,0.02294921875,0.014627659574468085,保留
cycle_003800_ABNORMAL.wav,C:\Users\Z0343409\OneDrive - ZF Friedrichshafen AG\Desktop\实验音频\cangku\realtime_wav\abnormal\cycle_003800_ABNORMAL.wav,44100,8.0,1.5475236597812194e-05,0.003397058104820562,0.004555481867046139,6.103515625e-05,0.0240478515625,0.0240478515625,0.0025380710659898475,保留
cycle_003802_ABNORMAL.wav,C:\Users\Z0343409\OneDrive - ZF Friedrichshafen AG\Desktop\实验音频\cangku\realtime_wav\abnormal\cycle_003802_ABNORMAL.wav,44100,8.0,1.509179318302141e-05,0.0035874164552672306,0.004206869587405404,6.103515625e-05,0.028228759765625,0.028228759765625,0.002162162162162162,保留
cycle_003804_ABNORMAL.wav,C:\Users\Z0343409\OneDrive - ZF Friedrichshafen AG\Desktop\实验音频\cangku\realtime_wav\abnormal\cycle_003804_ABNORMAL.wav,44100,8.0,0.0038849433593386887,0.0008903748511714931,4.3632671725028525,0.024383544921875,0.00439453125,0.024383544921875,1.0,4秒强信号
cycle_003806_ABNORMAL.wav,C:\Users\Z0343409\OneDrive - ZF Friedrichshafen AG\Desktop\实验音频\cangku\realtime_wav\abnormal\cycle_003806_ABNORMAL.wav,44100,8.0,1.945155507802958e-05,0.003577197569589211,0.0054376518768191225,0.0001220703125,0.0225830078125,0.0225830078125,0.005405405405405406,保留
cycle_003808_ABNORMAL.wav,C:\Users\Z0343409\OneDrive - ZF Friedrichshafen AG\Desktop\实验音频\cangku\realtime_wav\abnormal\cycle_003808_ABNORMAL.wav,44100,8.0,1.5113641926521188e-05,0.003516283888648134,0.004298185927283522,6.103515625e-05,0.028228759765625,0.028228759765625,0.002162162162162162,保留
cycle_003810_ABNORMAL.wav,C:\Users\Z0343409\OneDrive - ZF Friedrichshafen AG\Desktop\实验音频\cangku\realtime_wav\abnormal\cycle_003810_ABNORMAL.wav,44100,8.0,0.00010620167994329827,0.0035488046286274986,0.029926043008000645,0.000762939453125,0.024261474609375,0.024261474609375,0.031446540880503145,保留
cycle_003812_ABNORMAL.wav,C:\Users\Z0343409\OneDrive - ZF Friedrichshafen AG\Desktop\实验音频\cangku\realtime_wav\abnormal\cycle_003812_ABNORMAL.wav,44100,8.0,1.500144073636197e-05,0.003755834955223064,0.003994169316599008,6.103515625e-05,0.025421142578125,0.025421142578125,0.0024009603841536613,保留
cycle_003814_ABNORMAL.wav,C:\Users\Z0343409\OneDrive - ZF Friedrichshafen AG\Desktop\实验音频\cangku\realtime_wav\abnormal\cycle_003814_ABNORMAL.wav,44100,8.0,4.3436999788492225e-05,0.003760961118838901,0.011549441330545387,0.000274658203125,0.02545166015625,0.02545166015625,0.01079136690647482,保留
cycle_003816_ABNORMAL.wav,C:\Users\Z0343409\OneDrive - ZF Friedrichshafen AG\Desktop\实验音频\cangku\realtime_wav\abnormal\cycle_003816_ABNORMAL.wav,44100,8.0,0.00022849051657360708,0.003499917014124832,0.06528455264838387,0.003143310546875,0.02239990234375,0.02239990234375,0.14032697547683923,保留
cycle_003818_ABNORMAL.wav,C:\Users\Z0343409\OneDrive - ZF Friedrichshafen AG\Desktop\实验音频\cangku\realtime_wav\abnormal\cycle_003818_ABNORMAL.wav,44100,8.0,2.7669877606257287e-05,0.0037274616665817217,0.007423249407050783,0.000213623046875,0.0411376953125,0.0411376953125,0.0051928783382789315,保留
cycle_003820_ABNORMAL.wav,C:\Users\Z0343409\OneDrive - ZF Friedrichshafen AG\Desktop\实验音频\cangku\realtime_wav\abnormal\cycle_003820_ABNORMAL.wav,44100,8.0,1.470553227384849e-05,0.0034139649247265634,0.004307464370046599,6.103515625e-05,0.029754638671875,0.029754638671875,0.0020512820512820513,保留
cycle_003822_ABNORMAL.wav,C:\Users\Z0343409\OneDrive - ZF Friedrichshafen AG\Desktop\实验音频\cangku\realtime_wav\abnormal\cycle_003822_ABNORMAL.wav,44100,8.0,1.664870378387393e-05,0.003454983693987799,0.0048187503208322584,9.1552734375e-05,0.026885986328125,0.026885986328125,0.00340522133938706,保留
cycle_003824_ABNORMAL.wav,C:\Users\Z0343409\OneDrive - ZF Friedrichshafen AG\Desktop\实验音频\cangku\realtime_wav\abnormal\cycle_003824_ABNORMAL.wav,44100,8.0,2.906753885960777e-05,0.003680671949281269,0.007897345718431613,0.000213623046875,0.0313720703125,0.0313720703125,0.006809338521400778,保留
cycle_003826_ABNORMAL.wav,C:\Users\Z0343409\OneDrive - ZF Friedrichshafen AG\Desktop\实验音频\cangku\realtime_wav\abnormal\cycle_003826_ABNORMAL.wav,44100,8.0,9.313472280245181e-05,0.003551054391118055,0.026227343359032075,0.000885009765625,0.02886962890625,0.02886962890625,0.0306553911205074,保留
cycle_003828_ABNORMAL.wav,C:\Users\Z0343409\OneDrive - ZF Friedrichshafen AG\Desktop\实验音频\cangku\realtime_wav\abnormal\cycle_003828_ABNORMAL.wav,44100,8.0,2.0556743390481996e-05,0.0038541726244438524,0.005333633283602154,0.00018310546875,0.029876708984375,0.029876708984375,0.006128702757916241,保留
cycle_003830_ABNORMAL.wav,C:\Users\Z0343409\OneDrive - ZF Friedrichshafen AG\Desktop\实验音频\cangku\realtime_wav\abnormal\cycle_003830_ABNORMAL.wav,44100,8.0,1.4812847238678858e-05,0.0037599401963657707,0.003939649692565974,6.103515625e-05,0.023773193359375,0.023773193359375,0.0025673940949935813,保留
cycle_003832_ABNORMAL.wav,C:\Users\Z0343409\OneDrive - ZF Friedrichshafen AG\Desktop\实验音频\cangku\realtime_wav\abnormal\cycle_003832_ABNORMAL.wav,44100,8.0,1.657401347471727e-05,0.00359990861880743,0.004604009498498846,6.103515625e-05,0.0325927734375,0.0325927734375,0.0018726591760299626,保留
cycle_003834_ABNORMAL.wav,C:\Users\Z0343409\OneDrive - ZF Friedrichshafen AG\Desktop\实验音频\cangku\realtime_wav\abnormal\cycle_003834_ABNORMAL.wav,44100,8.0,1.4764652030433346e-05,0.003497397546818299,0.004221611021562375,6.103515625e-05,0.030029296875,0.030029296875,0.0020325203252032522,保留
cycle_003836_ABNORMAL.wav,C:\Users\Z0343409\OneDrive - ZF Friedrichshafen AG\Desktop\实验音频\cangku\realtime_wav\abnormal\cycle_003836_ABNORMAL.wav,44100,8.0,0.004036025258224309,0.0008643654816945037,4.669350342764819,0.030426025390625,0.0037841796875,0.030426025390625,1.0,4秒强信号
cycle_003838_ABNORMAL.wav,C:\Users\Z0343409\OneDrive - ZF Friedrichshafen AG\Desktop\实验音频\cangku\realtime_wav\abnormal\cycle_003838_ABNORMAL.wav,44100,8.0,5.6800192768190074e-05,0.0034783780438202476,0.016329505319038675,0.00042724609375,0.023223876953125,0.023223876953125,0.018396846254927726,保留
cycle_003840_ABNORMAL.wav,C:\Users\Z0343409\OneDrive - ZF Friedrichshafen AG\Desktop\实验音频\cangku\realtime_wav\abnormal\cycle_003840_ABNORMAL.wav,44100,8.0,1.5734063225985796e-05,0.0036590785138309345,0.004300007000809816,6.103515625e-05,0.030303955078125,0.030303955078125,0.002014098690835851,保留
cycle_003842_ABNORMAL.wav,C:\Users\Z0343409\OneDrive - ZF Friedrichshafen AG\Desktop\实验音频\cangku\realtime_wav\abnormal\cycle_003842_ABNORMAL.wav,44100,8.0,2.371073366469216e-05,0.003595704937399584,0.006594182247289673,0.000213623046875,0.0284423828125,0.0284423828125,0.0075107296137339056,保留
cycle_003843_ABNORMAL.wav,C:\Users\Z0343409\OneDrive - ZF Friedrichshafen AG\Desktop\实验音频\cangku\realtime_wav\abnormal\cycle_003843_ABNORMAL.wav,44100,8.0,2.461317614707184e-05,0.0034899488534440013,0.007052589358947972,0.000213623046875,0.02362060546875,0.02362060546875,0.00904392764857881,保留
cycle_003845_ABNORMAL.wav,C:\Users\Z0343409\OneDrive - ZF Friedrichshafen AG\Desktop\实验音频\cangku\realtime_wav\abnormal\cycle_003845_ABNORMAL.wav,44100,8.0,3.65286371441205e-05,0.0036248598826121507,0.010077254935933465,0.000213623046875,0.029510498046875,0.029510498046875,0.007238883143743537,保留
cycle_003847_ABNORMAL.wav,C:\Users\Z0343409\OneDrive - ZF Friedrichshafen AG\Desktop\实验音频\cangku\realtime_wav\abnormal\cycle_003847_ABNORMAL.wav,44100,8.0,1.7496044722475702e-05,0.0037209686536657776,0.004702013467713351,9.1552734375e-05,0.0260009765625,0.0260009765625,0.0035211267605633804,保留
cycle_003849_ABNORMAL.wav,C:\Users\Z0343409\OneDrive - ZF Friedrichshafen AG\Desktop\实验音频\cangku\realtime_wav\abnormal\cycle_003849_ABNORMAL.wav,44100,8.0,1.464256866830333e-05,0.003537936499267519,0.004138731339959005,6.103515625e-05,0.02716064453125,0.02716064453125,0.0022471910112359553,保留
cycle_003851_ABNORMAL.wav,C:\Users\Z0343409\OneDrive - ZF Friedrichshafen AG\Desktop\实验音频\cangku\realtime_wav\abnormal\cycle_003851_ABNORMAL.wav,44100,8.0,5.738854319767599e-05,0.003585500972251071,0.01600572518089319,0.000518798828125,0.035980224609375,0.035980224609375,0.01441899915182358,保留
cycle_003853_ABNORMAL.wav,C:\Users\Z0343409\OneDrive - ZF Friedrichshafen AG\Desktop\实验音频\cangku\realtime_wav\abnormal\cycle_003853_ABNORMAL.wav,44100,8.0,0.0036655133257837693,0.0009590342017297636,3.822088220808455,0.02960205078125,0.004974365234375,0.02960205078125,1.0,4秒强信号
cycle_003855_ABNORMAL.wav,C:\Users\Z0343409\OneDrive - ZF Friedrichshafen AG\Desktop\实验音频\cangku\realtime_wav\abnormal\cycle_003855_ABNORMAL.wav,44100,8.0,1.4727057826634851e-05,0.0035509568491825464,0.004147349137747229,6.103515625e-05,0.0228271484375,0.0228271484375,0.00267379679144385,保留
cycle_003857_ABNORMAL.wav,C:\Users\Z0343409\OneDrive - ZF Friedrichshafen AG\Desktop\实验音频\cangku\realtime_wav\abnormal\cycle_003857_ABNORMAL.wav,44100,8.0,2.9590476993875573e-05,0.0036914883592405194,0.008015866261586551,0.000152587890625,0.025238037109375,0.025238037109375,0.006045949214026602,保留
cycle_003859_ABNORMAL.wav,C:\Users\Z0343409\OneDrive - ZF Friedrichshafen AG\Desktop\实验音频\cangku\realtime_wav\abnormal\cycle_003859_ABNORMAL.wav,44100,8.0,1.541370459826982e-05,0.003254528221848255,0.004736079562867129,9.1552734375e-05,0.02154541015625,0.02154541015625,0.00424929178470255,保留
cycle_003861_ABNORMAL.wav,C:\Users\Z0343409\OneDrive - ZF Friedrichshafen AG\Desktop\实验音频\cangku\realtime_wav\abnormal\cycle_003861_ABNORMAL.wav,44100,8.0,7.783895386928598e-05,0.0034315700089524327,0.022683189812889217,0.00091552734375,0.022918701171875,0.022918701171875,0.03994673768308921,保留
cycle_003863_ABNORMAL.wav,C:\Users\Z0343409\OneDrive - ZF Friedrichshafen AG\Desktop\实验音频\cangku\realtime_wav\abnormal\cycle_003863_ABNORMAL.wav,44100,8.0,3.175372791334777e-05,0.0034017036848284043,0.009334654295425368,0.000274658203125,0.022125244140625,0.022125244140625,0.012413793103448275,保留
cycle_003865_ABNORMAL.wav,C:\Users\Z0343409\OneDrive - ZF Friedrichshafen AG\Desktop\实验音频\cangku\realtime_wav\abnormal\cycle_003865_ABNORMAL.wav,44100,8.0,2.3632113074868347e-05,0.0034608950106161007,0.006828324176947919,0.000244140625,0.022918701171875,0.022918701171875,0.010652463382157125,保留
cycle_003867_ABNORMAL.wav,C:\Users\Z0343409\OneDrive - ZF Friedrichshafen AG\Desktop\实验音频\cangku\realtime_wav\abnormal\cycle_003867_ABNORMAL.wav,44100,8.0,1.4972377536827288e-05,0.003315154262122318,0.004516344143588109,6.103515625e-05,0.030792236328125,0.030792236328125,0.0019821605550049554,保留
cycle_003869_ABNORMAL.wav,C:\Users\Z0343409\OneDrive - ZF Friedrichshafen AG\Desktop\实验音频\cangku\realtime_wav\abnormal\cycle_003869_ABNORMAL.wav,44100,8.0,2.2373776700767793e-05,0.003386693250076153,0.006606378271862885,0.000152587890625,0.02203369140625,0.02203369140625,0.006925207756232687,保留
cycle_003871_ABNORMAL.wav,C:\Users\Z0343409\OneDrive - ZF Friedrichshafen AG\Desktop\实验音频\cangku\realtime_wav\abnormal\cycle_003871_ABNORMAL.wav,44100,8.0,0.00018568990289010633,0.003423767132233008,0.054235552745959655,0.00140380859375,0.02484130859375,0.02484130859375,0.056511056511056514,保留
cycle_003873_ABNORMAL.wav,C:\Users\Z0343409\OneDrive - ZF Friedrichshafen AG\Desktop\实验音频\cangku\realtime_wav\abnormal\cycle_003873_ABNORMAL.wav,44100,8.0,1.9913594329303457e-05,0.003481714009554212,0.005719480197011682,0.000152587890625,0.0218505859375,0.0218505859375,0.006983240223463687,保留
cycle_003875_ABNORMAL.wav,C:\Users\Z0343409\OneDrive - ZF Friedrichshafen AG\Desktop\实验音频\cangku\realtime_wav\abnormal\cycle_003875_ABNORMAL.wav,44100,8.0,1.4638060904545275e-05,0.003480883829009835,0.004205271311427014,6.103515625e-05,0.0264892578125,0.0264892578125,0.002304147465437788,保留
cycle_003877_ABNORMAL.wav,C:\Users\Z0343409\OneDrive - ZF Friedrichshafen AG\Desktop\实验音频\cangku\realtime_wav\abnormal\cycle_003877_ABNORMAL.wav,44100,8.0,1.589680351110177e-05,0.003263543232874218,0.004871025868746154,6.103515625e-05,0.021942138671875,0.021942138671875,0.0027816411682892906,保留
cycle_003879_ABNORMAL.wav,C:\Users\Z0343409\OneDrive - ZF Friedrichshafen AG\Desktop\实验音频\cangku\realtime_wav\abnormal\cycle_003879_ABNORMAL.wav,44100,8.0,0.00012051517297106108,0.0036323527378274672,0.0331782681004549,0.001708984375,0.0218505859375,0.0218505859375,0.0782122905027933,保留
cycle_003881_ABNORMAL.wav,C:\Users\Z0343409\OneDrive - ZF Friedrichshafen AG\Desktop\实验音频\cangku\realtime_wav\abnormal\cycle_003881_ABNORMAL.wav,44100,8.0,1.459833256334858e-05,0.003224778256334422,0.004526926009462238,6.103515625e-05,0.020904541015625,0.020904541015625,0.00291970802919708,保留
cycle_003883_ABNORMAL.wav,C:\Users\Z0343409\OneDrive - ZF Friedrichshafen AG\Desktop\实验音频\cangku\realtime_wav\abnormal\cycle_003883_ABNORMAL.wav,44100,8.0,1.4625431774649684e-05,0.00321663114039715,0.0045468165718385465,6.103515625e-05,0.02069091796875,0.02069091796875,0.0029498525073746312,保留
cycle_003885_ABNORMAL.wav,C:\Users\Z0343409\OneDrive - ZF Friedrichshafen AG\Desktop\实验音频\cangku\realtime_wav\abnormal\cycle_003885_ABNORMAL.wav,44100,8.0,1.8059559444807606e-05,0.003345773734441547,0.005397722882124897,0.0001220703125,0.02001953125,0.02001953125,0.006097560975609756,保留
cycle_003887_ABNORMAL.wav,C:\Users\Z0343409\OneDrive - ZF Friedrichshafen AG\Desktop\实验音频\cangku\realtime_wav\abnormal\cycle_003887_ABNORMAL.wav,44100,8.0,1.482531671724689e-05,0.0036247189639040008,0.004090059633555506,6.103515625e-05,0.0208740234375,0.0208740234375,0.0029239766081871343,保留
cycle_003889_ABNORMAL.wav,C:\Users\Z0343409\OneDrive - ZF Friedrichshafen AG\Desktop\实验音频\cangku\realtime_wav\abnormal\cycle_003889_ABNORMAL.wav,44100,8.0,1.4924697496721131e-05,0.003351371209186868,0.004453310768979919,6.103515625e-05,0.020050048828125,0.020050048828125,0.0030441400304414,保留
cycle_003891_ABNORMAL.wav,C:\Users\Z0343409\OneDrive - ZF Friedrichshafen AG\Desktop\实验音频\cangku\realtime_wav\abnormal\cycle_003891_ABNORMAL.wav,44100,8.0,1.4770014819652056e-05,0.0033601353309692895,0.004395660699591938,6.103515625e-05,0.0164794921875,0.0164794921875,0.003703703703703704,保留
cycle_003893_ABNORMAL.wav,C:\Users\Z0343409\OneDrive - ZF Friedrichshafen AG\Desktop\实验音频\cangku\realtime_wav\abnormal\cycle_003893_ABNORMAL.wav,44100,8.0,4.907462554127717e-05,0.003495909402500294,0.014037728067603445,0.000457763671875,0.021881103515625,0.021881103515625,0.02092050209205021,保留
cycle_003895_ABNORMAL.wav,C:\Users\Z0343409\OneDrive - ZF Friedrichshafen AG\Desktop\实验音频\cangku\realtime_wav\abnormal\cycle_003895_ABNORMAL.wav,44100,8.0,1.4694757673104919e-05,0.0033505707130828074,0.004385747662548063,6.103515625e-05,0.018402099609375,0.018402099609375,0.003316749585406302,保留
cycle_003897_ABNORMAL.wav,C:\Users\Z0343409\OneDrive - ZF Friedrichshafen AG\Desktop\实验音频\cangku\realtime_wav\abnormal\cycle_003897_ABNORMAL.wav,44100,8.0,1.8222536775774317e-05,0.0033769442778107507,0.005396161522566745,9.1552734375e-05,0.019927978515625,0.019927978515625,0.004594180704441042,保留
cycle_003899_ABNORMAL.wav,C:\Users\Z0343409\OneDrive - ZF Friedrichshafen AG\Desktop\实验音频\cangku\realtime_wav\abnormal\cycle_003899_ABNORMAL.wav,44100,8.0,1.4678580942733888e-05,0.003160491881547189,0.004644397610522615,6.103515625e-05,0.022430419921875,0.022430419921875,0.0027210884353741495,保留
cycle_003901_ABNORMAL.wav,C:\Users\Z0343409\OneDrive - ZF Friedrichshafen AG\Desktop\实验音频\cangku\realtime_wav\abnormal\cycle_003901_ABNORMAL.wav,44100,8.0,1.7545012197809652e-05,0.0037571536970765346,0.004669761636704279,9.1552734375e-05,0.02093505859375,0.02093505859375,0.004373177842565598,保留
cycle_003903_ABNORMAL.wav,C:\Users\Z0343409\OneDrive - ZF Friedrichshafen AG\Desktop\实验音频\cangku\realtime_wav\abnormal\cycle_003903_ABNORMAL.wav,44100,8.0,1.5840242917445332e-05,0.003565182158866678,0.004443038871955066,6.103515625e-05,0.018951416015625,0.018951416015625,0.00322061191626409,保留
cycle_003905_ABNORMAL.wav,C:\Users\Z0343409\OneDrive - ZF Friedrichshafen AG\Desktop\实验音频\cangku\realtime_wav\abnormal\cycle_003905_ABNORMAL.wav,44100,8.0,1.512499080003631e-05,0.0033889506792999006,0.004463030663863446,6.103515625e-05,0.021209716796875,0.021209716796875,0.0028776978417266188,保留
cycle_003907_ABNORMAL.wav,C:\Users\Z0343409\OneDrive - ZF Friedrichshafen AG\Desktop\实验音频\cangku\realtime_wav\abnormal\cycle_003907_ABNORMAL.wav,44100,8.0,1.4754815187796023e-05,0.0034427508028967843,0.004285763342319488,6.103515625e-05,0.01788330078125,0.01788330078125,0.0034129692832764505,保留
cycle_003909_ABNORMAL.wav,C:\Users\Z0343409\OneDrive - ZF Friedrichshafen AG\Desktop\实验音频\cangku\realtime_wav\abnormal\cycle_003909_ABNORMAL.wav,44100,8.0,0.0011042907075495309,0.002134563131765512,0.5173380403306059,0.011749267578125,0.01715087890625,0.019683837890625,0.5968992248062015,保留
cycle_003911_ABNORMAL.wav,C:\Users\Z0343409\OneDrive - ZF Friedrichshafen AG\Desktop\实验音频\cangku\realtime_wav\abnormal\cycle_003911_ABNORMAL.wav,44100,8.0,2.62631715966779e-05,0.003339167247411623,0.00786518603314523,0.000274658203125,0.02490234375,0.02490234375,0.011029411764705883,保留
cycle_003913_ABNORMAL.wav,C:\Users\Z0343409\OneDrive - ZF Friedrichshafen AG\Desktop\实验音频\cangku\realtime_wav\abnormal\cycle_003913_ABNORMAL.wav,44100,8.0,2.232180227996192e-05,0.003383287870077571,0.006597665684135275,0.0001220703125,0.0185546875,0.0185546875,0.006578947368421052,保留
cycle_003915_ABNORMAL.wav,C:\Users\Z0343409\OneDrive - ZF Friedrichshafen AG\Desktop\实验音频\cangku\realtime_wav\abnormal\cycle_003915_ABNORMAL.wav,44100,8.0,2.424196757593447e-05,0.003362820509541364,0.007208819949549046,0.000152587890625,0.021026611328125,0.021026611328125,0.00725689404934688,保留
cycle_003917_ABNORMAL.wav,C:\Users\Z0343409\OneDrive - ZF Friedrichshafen AG\Desktop\实验音频\cangku\realtime_wav\abnormal\cycle_003917_ABNORMAL.wav,44100,8.0,6.080050353107535e-05,0.0035658664217045367,0.017050695775085094,0.000518798828125,0.0213623046875,0.0213623046875,0.024285714285714285,保留
cycle_003919_ABNORMAL.wav,C:\Users\Z0343409\OneDrive - ZF Friedrichshafen AG\Desktop\实验音频\cangku\realtime_wav\abnormal\cycle_003919_ABNORMAL.wav,44100,8.0,8.373045671160038e-05,0.003698666034424648,0.022638014876794687,0.00103759765625,0.0218505859375,0.0218505859375,0.04748603351955307,保留
cycle_003921_ABNORMAL.wav,C:\Users\Z0343409\OneDrive - ZF Friedrichshafen AG\Desktop\实验音频\cangku\realtime_wav\abnormal\cycle_003921_ABNORMAL.wav,44100,8.0,5.279003181566415e-05,0.0036534551439148895,0.014449344452357656,0.000518798828125,0.029815673828125,0.029815673828125,0.017400204708290685,保留
cycle_003923_ABNORMAL.wav,C:\Users\Z0343409\OneDrive - ZF Friedrichshafen AG\Desktop\实验音频\cangku\realtime_wav\abnormal\cycle_003923_ABNORMAL.wav,44100,8.0,1.6491783570845167e-05,0.003415670767235269,0.004828270841862794,9.1552734375e-05,0.021331787109375,0.021331787109375,0.004291845493562232,保留
cycle_003925_ABNORMAL.wav,C:\Users\Z0343409\OneDrive - ZF Friedrichshafen AG\Desktop\实验音频\cangku\realtime_wav\abnormal\cycle_003925_ABNORMAL.wav,44100,8.0,2.0287881048631947e-05,0.003917505443145151,0.005178775458788876,0.0001220703125,0.022430419921875,0.022430419921875,0.005442176870748299,保留
cycle_003927_ABNORMAL.wav,C:\Users\Z0343409\OneDrive - ZF Friedrichshafen AG\Desktop\实验音频\cangku\realtime_wav\abnormal\cycle_003927_ABNORMAL.wav,44100,8.0,1.6126791771561446e-05,0.003533812042017092,0.004563568061858861,6.103515625e-05,0.0201416015625,0.0201416015625,0.0030303030303030303,保留
cycle_003929_ABNORMAL.wav,C:\Users\Z0343409\OneDrive - ZF Friedrichshafen AG\Desktop\实验音频\cangku\realtime_wav\abnormal\cycle_003929_ABNORMAL.wav,44100,8.0,1.4786091517085467e-05,0.003684001018617861,0.004013595936146841,6.103515625e-05,0.021270751953125,0.021270751953125,0.0028694404591104736,保留
cycle_003931_ABNORMAL.wav,C:\Users\Z0343409\OneDrive - ZF Friedrichshafen AG\Desktop\实验音频\cangku\realtime_wav\abnormal\cycle_003931_ABNORMAL.wav,44100,8.0,1.925925102085782e-05,0.0032075944354970046,0.006004266252530043,0.000152587890625,0.0179443359375,0.0179443359375,0.008503401360544218,保留
cycle_003933_ABNORMAL.wav,C:\Users\Z0343409\OneDrive - ZF Friedrichshafen AG\Desktop\实验音频\cangku\realtime_wav\abnormal\cycle_003933_ABNORMAL.wav,44100,8.0,4.192729132222681e-05,0.0035225974161463163,0.011902379514061763,0.00018310546875,0.020172119140625,0.020172119140625,0.009077155824508321,保留
cycle_003935_ABNORMAL.wav,C:\Users\Z0343409\OneDrive - ZF Friedrichshafen AG\Desktop\实验音频\cangku\realtime_wav\abnormal\cycle_003935_ABNORMAL.wav,44100,8.0,3.2872533314029663e-05,0.003681584922100141,0.008928908068016994,0.000244140625,0.019195556640625,0.019195556640625,0.012718600953895072,保留
cycle_003937_ABNORMAL.wav,C:\Users\Z0343409\OneDrive - ZF Friedrichshafen AG\Desktop\实验音频\cangku\realtime_wav\abnormal\cycle_003937_ABNORMAL.wav,44100,8.0,1.6863748114311386e-05,0.00342846815294519,0.004918741362618392,9.1552734375e-05,0.02349853515625,0.02349853515625,0.003896103896103896,保留
cycle_003939_ABNORMAL.wav,C:\Users\Z0343409\OneDrive - ZF Friedrichshafen AG\Desktop\实验音频\cangku\realtime_wav\abnormal\cycle_003939_ABNORMAL.wav,44100,8.0,1.6223895298921836e-05,0.003547605846126831,0.004573195558529873,9.1552734375e-05,0.02130126953125,0.02130126953125,0.004297994269340974,保留
cycle_003941_ABNORMAL.wav,C:\Users\Z0343409\OneDrive - ZF Friedrichshafen AG\Desktop\实验音频\cangku\realtime_wav\abnormal\cycle_003941_ABNORMAL.wav,44100,8.0,2.035024148581113e-05,0.0035682973100703173,0.0057030677988572955,0.00018310546875,0.02545166015625,0.02545166015625,0.007194244604316547,保留
cycle_003943_ABNORMAL.wav,C:\Users\Z0343409\OneDrive - ZF Friedrichshafen AG\Desktop\实验音频\cangku\realtime_wav\abnormal\cycle_003943_ABNORMAL.wav,44100,8.0,2.41508699756735e-05,0.0035985985542826707,0.006711187594662843,0.00018310546875,0.025909423828125,0.025909423828125,0.007067137809187279,保留
cycle_003945_ABNORMAL.wav,C:\Users\Z0343409\OneDrive - ZF Friedrichshafen AG\Desktop\实验音频\cangku\realtime_wav\abnormal\cycle_003945_ABNORMAL.wav,44100,8.0,0.00014442320428880215,0.003441194946070545,0.041968910960338675,0.001678466796875,0.0228271484375,0.0228271484375,0.07352941176470588,保留
cycle_003947_ABNORMAL.wav,C:\Users\Z0343409\OneDrive - ZF Friedrichshafen AG\Desktop\实验音频\cangku\realtime_wav\abnormal\cycle_003947_ABNORMAL.wav,44100,8.0,1.5162468865065347e-05,0.0034589585724670046,0.004383535838144238,6.103515625e-05,0.02227783203125,0.02227783203125,0.0027397260273972603,保留
cycle_003949_ABNORMAL.wav,C:\Users\Z0343409\OneDrive - ZF Friedrichshafen AG\Desktop\实验音频\cangku\realtime_wav\abnormal\cycle_003949_ABNORMAL.wav,44100,8.0,1.4777162177834544e-05,0.0036416777153448904,0.004057789659850515,6.103515625e-05,0.0185546875,0.0185546875,0.003289473684210526,保留
cycle_003951_ABNORMAL.wav,C:\Users\Z0343409\OneDrive - ZF Friedrichshafen AG\Desktop\实验音频\cangku\realtime_wav\abnormal\cycle_003951_ABNORMAL.wav,44100,8.0,2.6600737810386262e-05,0.00364661588754274,0.007294636624947927,0.0003662109375,0.024383544921875,0.024383544921875,0.015018773466833541,保留
cycle_003953_ABNORMAL.wav,C:\Users\Z0343409\OneDrive - ZF Friedrichshafen AG\Desktop\实验音频\cangku\realtime_wav\abnormal\cycle_003953_ABNORMAL.wav,44100,8.0,1.5138946965220133e-05,0.003207771009482594,0.004719459999004733,6.103515625e-05,0.025390625,0.025390625,0.002403846153846154,保留
cycle_003955_ABNORMAL.wav,C:\Users\Z0343409\OneDrive - ZF Friedrichshafen AG\Desktop\实验音频\cangku\realtime_wav\abnormal\cycle_003955_ABNORMAL.wav,44100,8.0,4.469501857812283e-05,0.0034281381044241324,0.013037694870122747,0.000274658203125,0.024932861328125,0.024932861328125,0.011015911872705019,保留
cycle_003957_ABNORMAL.wav,C:\Users\Z0343409\OneDrive - ZF Friedrichshafen AG\Desktop\实验音频\cangku\realtime_wav\abnormal\cycle_003957_ABNORMAL.wav,44100,8.0,1.4844001294868122e-05,0.003598078588456462,0.004125535596273911,6.103515625e-05,0.02813720703125,0.02813720703125,0.0021691973969631237,保留
cycle_003959_ABNORMAL.wav,C:\Users\Z0343409\OneDrive - ZF Friedrichshafen AG\Desktop\实验音频\cangku\realtime_wav\abnormal\cycle_003959_ABNORMAL.wav,44100,8.0,1.519116839302909e-05,0.003795811274497149,0.004002087378551649,6.103515625e-05,0.025238037109375,0.025238037109375,0.0024183796856106408,保留
cycle_003961_ABNORMAL.wav,C:\Users\Z0343409\OneDrive - ZF Friedrichshafen AG\Desktop\实验音频\cangku\realtime_wav\abnormal\cycle_003961_ABNORMAL.wav,44100,8.0,1.5332999524543646e-05,0.0035472391595654726,0.004322516423285623,6.103515625e-05,0.027435302734375,0.027435302734375,0.002224694104560623,保留
cycle_003963_ABNORMAL.wav,C:\Users\Z0343409\OneDrive - ZF Friedrichshafen AG\Desktop\实验音频\cangku\realtime_wav\abnormal\cycle_003963_ABNORMAL.wav,44100,8.0,4.3625594857023804e-05,0.003593580692204104,0.012139867890448363,0.000274658203125,0.02410888671875,0.02410888671875,0.01139240506329114,保留
cycle_003965_ABNORMAL.wav,C:\Users\Z0343409\OneDrive - ZF Friedrichshafen AG\Desktop\实验音频\cangku\realtime_wav\abnormal\cycle_003965_ABNORMAL.wav,44100,8.0,0.00011488340933813886,0.0036189729520237587,0.03174475489624622,0.001373291015625,0.025146484375,0.025146484375,0.05461165048543689,保留
cycle_003967_ABNORMAL.wav,C:\Users\Z0343409\OneDrive - ZF Friedrichshafen AG\Desktop\实验音频\cangku\realtime_wav\abnormal\cycle_003967_ABNORMAL.wav,44100,8.0,1.7391625930106364e-05,0.0035504165380905546,0.004898474796836017,9.1552734375e-05,0.026763916015625,0.026763916015625,0.0034207525655644243,保留
cycle_003969_ABNORMAL.wav,C:\Users\Z0343409\OneDrive - ZF Friedrichshafen AG\Desktop\实验音频\cangku\realtime_wav\abnormal\cycle_003969_ABNORMAL.wav,44100,8.0,0.0036064425679356578,0.0007433810546752084,4.851405003200349,0.021392822265625,0.003936767578125,0.021392822265625,1.0,4秒强信号
cycle_003971_ABNORMAL.wav,C:\Users\Z0343409\OneDrive - ZF Friedrichshafen AG\Desktop\实验音频\cangku\realtime_wav\abnormal\cycle_003971_ABNORMAL.wav,44100,8.0,1.8265944499917478e-05,0.003526733836061569,0.005179280702485821,9.1552734375e-05,0.024688720703125,0.024688720703125,0.003708281829419036,保留
cycle_003973_ABNORMAL.wav,C:\Users\Z0343409\OneDrive - ZF Friedrichshafen AG\Desktop\实验音频\cangku\realtime_wav\abnormal\cycle_003973_ABNORMAL.wav,44100,8.0,1.5212874414435083e-05,0.0034365859747250826,0.004426740528629455,6.103515625e-05,0.02740478515625,0.02740478515625,0.0022271714922048997,保留
cycle_003975_ABNORMAL.wav,C:\Users\Z0343409\OneDrive - ZF Friedrichshafen AG\Desktop\实验音频\cangku\realtime_wav\abnormal\cycle_003975_ABNORMAL.wav,44100,8.0,2.2389699210220486e-05,0.003606227425367652,0.006208620968473133,0.0001220703125,0.027130126953125,0.027130126953125,0.0044994375703037125,保留
cycle_003977_ABNORMAL.wav,C:\Users\Z0343409\OneDrive - ZF Friedrichshafen AG\Desktop\实验音频\cangku\realtime_wav\abnormal\cycle_003977_ABNORMAL.wav,44100,8.0,2.2599759428753578e-05,0.003717840731345248,0.006078732539082215,0.000152587890625,0.025909423828125,0.025909423828125,0.005889281507656066,保留
cycle_003979_ABNORMAL.wav,C:\Users\Z0343409\OneDrive - ZF Friedrichshafen AG\Desktop\实验音频\cangku\realtime_wav\abnormal\cycle_003979_ABNORMAL.wav,44100,8.0,2.1106709614178806e-05,0.003445072141148005,0.0061266379191541095,0.000152587890625,0.02545166015625,0.02545166015625,0.005995203836930456,保留
cycle_003981_ABNORMAL.wav,C:\Users\Z0343409\OneDrive - ZF Friedrichshafen AG\Desktop\实验音频\cangku\realtime_wav\abnormal\cycle_003981_ABNORMAL.wav,44100,8.0,1.4906114070852525e-05,0.003476738524797316,0.004287384272511983,6.103515625e-05,0.024566650390625,0.024566650390625,0.002484472049689441,保留
cycle_003983_ABNORMAL.wav,C:\Users\Z0343409\OneDrive - ZF Friedrichshafen AG\Desktop\实验音频\cangku\realtime_wav\abnormal\cycle_003983_ABNORMAL.wav,44100,8.0,6.097479190197527e-05,0.0033506083600162565,0.018198125638795765,0.0008544921875,0.023040771484375,0.023040771484375,0.03708609271523179,保留
cycle_003985_ABNORMAL.wav,C:\Users\Z0343409\OneDrive - ZF Friedrichshafen AG\Desktop\实验音频\cangku\realtime_wav\abnormal\cycle_003985_ABNORMAL.wav,44100,8.0,1.5029569561225299e-05,0.003476334399640873,0.004323395805299383,6.103515625e-05,0.022613525390625,0.022613525390625,0.002699055330634278,保留
cycle_003987_ABNORMAL.wav,C:\Users\Z0343409\OneDrive - ZF Friedrichshafen AG\Desktop\实验音频\cangku\realtime_wav\abnormal\cycle_003987_ABNORMAL.wav,44100,8.0,1.4730642360660584e-05,0.0033172016890858263,0.004440683365478491,6.103515625e-05,0.021636962890625,0.021636962890625,0.0028208744710860366,保留
cycle_003989_ABNORMAL.wav,C:\Users\Z0343409\OneDrive - ZF Friedrichshafen AG\Desktop\实验音频\cangku\realtime_wav\abnormal\cycle_003989_ABNORMAL.wav,44100,8.0,0.003492735319170252,0.0008934360324899318,3.909328919090368,0.02777099609375,0.003936767578125,0.02777099609375,1.0,4秒强信号
cycle_003991_ABNORMAL.wav,C:\Users\Z0343409\OneDrive - ZF Friedrichshafen AG\Desktop\实验音频\cangku\realtime_wav\abnormal\cycle_003991_ABNORMAL.wav,44100,8.0,6.436418863813122e-05,0.0034557764574143393,0.01862510189281439,0.00042724609375,0.025482177734375,0.025482177734375,0.016766467065868262,保留
cycle_003993_ABNORMAL.wav,C:\Users\Z0343409\OneDrive - ZF Friedrichshafen AG\Desktop\实验音频\cangku\realtime_wav\abnormal\cycle_003993_ABNORMAL.wav,44100,8.0,1.593246613846929e-05,0.0034417245125409005,0.00462921017658875,6.103515625e-05,0.023223876953125,0.023223876953125,0.002628120893561104,保留
cycle_003995_ABNORMAL.wav,C:\Users\Z0343409\OneDrive - ZF Friedrichshafen AG\Desktop\实验音频\cangku\realtime_wav\abnormal\cycle_003995_ABNORMAL.wav,44100,8.0,7.057819968387516e-05,0.003479540611551229,0.020283769486573226,0.001007080078125,0.02618408203125,0.02618408203125,0.038461538461538464,保留
cycle_003997_ABNORMAL.wav,C:\Users\Z0343409\OneDrive - ZF Friedrichshafen AG\Desktop\实验音频\cangku\realtime_wav\abnormal\cycle_003997_ABNORMAL.wav,44100,8.0,1.9557123714151464e-05,0.0037385008921304802,0.005231274320495438,9.1552734375e-05,0.022369384765625,0.022369384765625,0.004092769440654843,保留
cycle_003999_ABNORMAL.wav,C:\Users\Z0343409\OneDrive - ZF Friedrichshafen AG\Desktop\实验音频\cangku\realtime_wav\abnormal\cycle_003999_ABNORMAL.wav,44100,8.0,0.00013287670306825727,0.003658821975491579,0.0363167992207122,0.00091552734375,0.02325439453125,0.02325439453125,0.03937007874015748,保留
cycle_004001_ABNORMAL.wav,C:\Users\Z0343409\OneDrive - ZF Friedrichshafen AG\Desktop\实验音频\cangku\realtime_wav\abnormal\cycle_004001_ABNORMAL.wav,44100,8.0,2.6885514996246732e-05,0.0033760393448255084,0.00796362608672036,0.00018310546875,0.023651123046875,0.023651123046875,0.007741935483870968,保留
cycle_004003_ABNORMAL.wav,C:\Users\Z0343409\OneDrive - ZF Friedrichshafen AG\Desktop\实验音频\cangku\realtime_wav\abnormal\cycle_004003_ABNORMAL.wav,44100,8.0,0.00014687857780639244,0.003449466011651992,0.042580091327251685,0.00152587890625,0.018310546875,0.018310546875,0.08333333333333333,保留
cycle_004005_ABNORMAL.wav,C:\Users\Z0343409\OneDrive - ZF Friedrichshafen AG\Desktop\实验音频\cangku\realtime_wav\abnormal\cycle_004005_ABNORMAL.wav,44100,8.0,1.4753920604159964e-05,0.003468328427410028,0.004253899511811067,6.103515625e-05,0.02435302734375,0.02435302734375,0.002506265664160401,保留
cycle_004007_ABNORMAL.wav,C:\Users\Z0343409\OneDrive - ZF Friedrichshafen AG\Desktop\实验音频\cangku\realtime_wav\abnormal\cycle_004007_ABNORMAL.wav,44100,8.0,1.5026056337810957e-05,0.003515351368987414,0.004274410936662404,6.103515625e-05,0.023956298828125,0.023956298828125,0.0025477707006369425,保留
cycle_004009_ABNORMAL.wav,C:\Users\Z0343409\OneDrive - ZF Friedrichshafen AG\Desktop\实验音频\cangku\realtime_wav\abnormal\cycle_004009_ABNORMAL.wav,44100,8.0,0.0035185600161900636,0.00042321514877681027,8.313880130140701,0.0238037109375,0.002685546875,0.0238037109375,1.0,4秒强信号
cycle_004011_ABNORMAL.wav,C:\Users\Z0343409\OneDrive - ZF Friedrichshafen AG\Desktop\实验音频\cangku\realtime_wav\abnormal\cycle_004011_ABNORMAL.wav,44100,8.0,1.4847557596139766e-05,0.00345082671860867,0.0043026088548793065,6.103515625e-05,0.02581787109375,0.02581787109375,0.002364066193853428,保留
cycle_004013_ABNORMAL.wav,C:\Users\Z0343409\OneDrive - ZF Friedrichshafen AG\Desktop\实验音频\cangku\realtime_wav\abnormal\cycle_004013_ABNORMAL.wav,44100,8.0,1.499880095441297e-05,0.0037084051131178217,0.0040445421945292295,6.103515625e-05,0.02593994140625,0.02593994140625,0.002352941176470588,保留
cycle_004015_ABNORMAL.wav,C:\Users\Z0343409\OneDrive - ZF Friedrichshafen AG\Desktop\实验音频\cangku\realtime_wav\abnormal\cycle_004015_ABNORMAL.wav,44100,8.0,1.5868548414304543e-05,0.0035628372361505485,0.004453907760167469,6.103515625e-05,0.023681640625,0.023681640625,0.002577319587628866,保留
cycle_004017_ABNORMAL.wav,C:\Users\Z0343409\OneDrive - ZF Friedrichshafen AG\Desktop\实验音频\cangku\realtime_wav\abnormal\cycle_004017_ABNORMAL.wav,44100,8.0,1.4743181366582054e-05,0.003556857509290413,0.004145001965379067,6.103515625e-05,0.02337646484375,0.02337646484375,0.0026109660574412533,保留
cycle_004019_ABNORMAL.wav,C:\Users\Z0343409\OneDrive - ZF Friedrichshafen AG\Desktop\实验音频\cangku\realtime_wav\abnormal\cycle_004019_ABNORMAL.wav,44100,8.0,4.4371365029483764e-05,0.0036151883358551385,0.012273597087435872,0.0003662109375,0.029052734375,0.029052734375,0.012605042016806723,保留
cycle_004021_ABNORMAL.wav,C:\Users\Z0343409\OneDrive - ZF Friedrichshafen AG\Desktop\实验音频\cangku\realtime_wav\abnormal\cycle_004021_ABNORMAL.wav,44100,8.0,2.5241689805182726e-05,0.0038062514946559664,0.006631640037612447,0.00018310546875,0.023284912109375,0.023284912109375,0.007863695937090432,保留
cycle_004023_ABNORMAL.wav,C:\Users\Z0343409\OneDrive - ZF Friedrichshafen AG\Desktop\实验音频\cangku\realtime_wav\abnormal\cycle_004023_ABNORMAL.wav,44100,8.0,1.6743568960720845e-05,0.003558301788669936,0.00470549434958957,9.1552734375e-05,0.02252197265625,0.02252197265625,0.0040650406504065045,保留
cycle_004025_ABNORMAL.wav,C:\Users\Z0343409\OneDrive - ZF Friedrichshafen AG\Desktop\实验音频\cangku\realtime_wav\abnormal\cycle_004025_ABNORMAL.wav,44100,8.0,1.9321515748279184e-05,0.0037022014291561533,0.005218926122202691,9.1552734375e-05,0.025787353515625,0.025787353515625,0.0035502958579881655,保留
cycle_004027_ABNORMAL.wav,C:\Users\Z0343409\OneDrive - ZF Friedrichshafen AG\Desktop\实验音频\cangku\realtime_wav\abnormal\cycle_004027_ABNORMAL.wav,44100,8.0,1.4738704374779037e-05,0.0036744602111274762,0.004011120961425949,6.103515625e-05,0.0185546875,0.0185546875,0.003289473684210526,保留
cycle_004029_ABNORMAL.wav,C:\Users\Z0343409\OneDrive - ZF Friedrichshafen AG\Desktop\实验音频\cangku\realtime_wav\abnormal\cycle_004029_ABNORMAL.wav,44100,8.0,0.0036808853994636207,0.0011079317061564054,3.322303512942335,0.02227783203125,0.00616455078125,0.02227783203125,1.0,4秒强信号
cycle_004031_ABNORMAL.wav,C:\Users\Z0343409\OneDrive - ZF Friedrichshafen AG\Desktop\实验音频\cangku\realtime_wav\abnormal\cycle_004031_ABNORMAL.wav,44100,8.0,1.4684874010951288e-05,0.003691064468198492,0.003978492962524324,6.103515625e-05,0.0196533203125,0.0196533203125,0.003105590062111801,保留
cycle_004033_ABNORMAL.wav,C:\Users\Z0343409\OneDrive - ZF Friedrichshafen AG\Desktop\实验音频\cangku\realtime_wav\abnormal\cycle_004033_ABNORMAL.wav,44100,8.0,1.4867989820765099e-05,0.003649086475255074,0.004074441623016296,6.103515625e-05,0.027313232421875,0.027313232421875,0.0022346368715083797,保留
cycle_004035_ABNORMAL.wav,C:\Users\Z0343409\OneDrive - ZF Friedrichshafen AG\Desktop\实验音频\cangku\realtime_wav\abnormal\cycle_004035_ABNORMAL.wav,44100,8.0,4.7053473360813076e-05,0.0033949684757078984,0.013859767387383993,0.00030517578125,0.02337646484375,0.02337646484375,0.013054830287206266,保留
cycle_004037_ABNORMAL.wav,C:\Users\Z0343409\OneDrive - ZF Friedrichshafen AG\Desktop\实验音频\cangku\realtime_wav\abnormal\cycle_004037_ABNORMAL.wav,44100,8.0,1.933175991195331e-05,0.0035233010603869085,0.005486831690116884,9.1552734375e-05,0.023193359375,0.023193359375,0.003947368421052632,保留
cycle_004039_ABNORMAL.wav,C:\Users\Z0343409\OneDrive - ZF Friedrichshafen AG\Desktop\实验音频\cangku\realtime_wav\abnormal\cycle_004039_ABNORMAL.wav,44100,8.0,7.760357637951135e-05,0.00374170790321469,0.020740148185495237,0.000457763671875,0.0211181640625,0.0211181640625,0.02167630057803468,保留
cycle_004041_ABNORMAL.wav,C:\Users\Z0343409\OneDrive - ZF Friedrichshafen AG\Desktop\实验音频\cangku\realtime_wav\abnormal\cycle_004041_ABNORMAL.wav,44100,8.0,1.4665086703118598e-05,0.00375954876333532,0.0039007571456815804,6.103515625e-05,0.022552490234375,0.022552490234375,0.0027063599458728013,保留
cycle_004043_ABNORMAL.wav,C:\Users\Z0343409\OneDrive - ZF Friedrichshafen AG\Desktop\实验音频\cangku\realtime_wav\abnormal\cycle_004043_ABNORMAL.wav,44100,8.0,1.5297665021207755e-05,0.003334442541602611,0.004587772867681607,6.103515625e-05,0.020599365234375,0.020599365234375,0.002962962962962963,保留
cycle_004045_ABNORMAL.wav,C:\Users\Z0343409\OneDrive - ZF Friedrichshafen AG\Desktop\实验音频\cangku\realtime_wav\abnormal\cycle_004045_ABNORMAL.wav,44100,8.0,3.067847845984659e-05,0.003348514422714782,0.009161817626269698,0.000244140625,0.02471923828125,0.02471923828125,0.009876543209876543,保留
cycle_004047_ABNORMAL.wav,C:\Users\Z0343409\OneDrive - ZF Friedrichshafen AG\Desktop\实验音频\cangku\realtime_wav\abnormal\cycle_004047_ABNORMAL.wav,44100,8.0,5.045094905843084e-05,0.0034853854378013222,0.014474998521327586,0.000732421875,0.020965576171875,0.020965576171875,0.034934497816593885,保留
cycle_004049_ABNORMAL.wav,C:\Users\Z0343409\OneDrive - ZF Friedrichshafen AG\Desktop\实验音频\cangku\realtime_wav\abnormal\cycle_004049_ABNORMAL.wav,44100,8.0,1.8921852715582193e-05,0.003454147654524297,0.005478009224880139,0.000152587890625,0.020416259765625,0.020416259765625,0.007473841554559043,保留
cycle_004051_ABNORMAL.wav,C:\Users\Z0343409\OneDrive - ZF Friedrichshafen AG\Desktop\实验音频\cangku\realtime_wav\abnormal\cycle_004051_ABNORMAL.wav,44100,8.0,0.0030343240900736214,0.0005618991492509686,5.40012223566895,0.018218994140625,0.002960205078125,0.018218994140625,1.0,4秒强信号
cycle_004053_ABNORMAL.wav,C:\Users\Z0343409\OneDrive - ZF Friedrichshafen AG\Desktop\实验音频\cangku\realtime_wav\abnormal\cycle_004053_ABNORMAL.wav,44100,8.0,1.4651580035190108e-05,0.003520402757332783,0.004161904487965692,6.103515625e-05,0.020263671875,0.020263671875,0.0030120481927710845,保留
cycle_004055_ABNORMAL.wav,C:\Users\Z0343409\OneDrive - ZF Friedrichshafen AG\Desktop\实验音频\cangku\realtime_wav\abnormal\cycle_004055_ABNORMAL.wav,44100,8.0,1.4678580942733888e-05,0.003325299980336861,0.0044142125611316765,6.103515625e-05,0.021728515625,0.021728515625,0.0028089887640449437,保留
cycle_004057_ABNORMAL.wav,C:\Users\Z0343409\OneDrive - ZF Friedrichshafen AG\Desktop\实验音频\cangku\realtime_wav\abnormal\cycle_004057_ABNORMAL.wav,44100,8.0,1.500495972321224e-05,0.0036282797044879054,0.0041355576045177134,6.103515625e-05,0.022003173828125,0.022003173828125,0.0027739251040221915,保留
cycle_004059_ABNORMAL.wav,C:\Users\Z0343409\OneDrive - ZF Friedrichshafen AG\Desktop\实验音频\cangku\realtime_wav\abnormal\cycle_004059_ABNORMAL.wav,44100,8.0,1.4774482323707415e-05,0.0034104769181548134,0.004332086883526227,6.103515625e-05,0.024932861328125,0.024932861328125,0.0024479804161566705,保留
cycle_004061_ABNORMAL.wav,C:\Users\Z0343409\OneDrive - ZF Friedrichshafen AG\Desktop\实验音频\cangku\realtime_wav\abnormal\cycle_004061_ABNORMAL.wav,44100,8.0,0.0036546003540278856,0.0006929293612093383,5.274131186546457,0.021392822265625,0.00335693359375,0.021392822265625,1.0,4秒强信号
cycle_004063_ABNORMAL.wav,C:\Users\Z0343409\OneDrive - ZF Friedrichshafen AG\Desktop\实验音频\cangku\realtime_wav\abnormal\cycle_004063_ABNORMAL.wav,44100,8.0,0.0021884997092769753,0.0014239012472676046,1.5369743607406743,0.022796630859375,0.0133056640625,0.022796630859375,1.0,保留
cycle_004065_ABNORMAL.wav,C:\Users\Z0343409\OneDrive - ZF Friedrichshafen AG\Desktop\实验音频\cangku\realtime_wav\abnormal\cycle_004065_ABNORMAL.wav,44100,8.0,0.0034522954883617774,0.0011701418272033678,2.9503222670133447,0.019439697265625,0.00726318359375,0.019439697265625,1.0,4秒强信号
cycle_004067_ABNORMAL.wav,C:\Users\Z0343409\OneDrive - ZF Friedrichshafen AG\Desktop\实验音频\cangku\realtime_wav\abnormal\cycle_004067_ABNORMAL.wav,44100,8.0,1.4675883087429851e-05,0.003258780179958603,0.004503489734498226,6.103515625e-05,0.01953125,0.01953125,0.003125,保留
cycle_004069_ABNORMAL.wav,C:\Users\Z0343409\OneDrive - ZF Friedrichshafen AG\Desktop\实验音频\cangku\realtime_wav\abnormal\cycle_004069_ABNORMAL.wav,44100,8.0,1.51180078860907e-05,0.003438625951538295,0.004396525850486164,6.103515625e-05,0.023284912109375,0.023284912109375,0.002621231979030144,保留
cycle_004071_ABNORMAL.wav,C:\Users\Z0343409\OneDrive - ZF Friedrichshafen AG\Desktop\实验音频\cangku\realtime_wav\abnormal\cycle_004071_ABNORMAL.wav,44100,8.0,1.609976017777942e-05,0.003511589651200233,0.004584749864573912,0.0001220703125,0.024658203125,0.024658203125,0.0049504950495049506,保留
cycle_004073_ABNORMAL.wav,C:\Users\Z0343409\OneDrive - ZF Friedrichshafen AG\Desktop\实验音频\cangku\realtime_wav\abnormal\cycle_004073_ABNORMAL.wav,44100,8.0,3.7644377567299055e-05,0.0037562058645646216,0.01002191544463242,0.000244140625,0.02392578125,0.02392578125,0.01020408163265306,保留
cycle_004075_ABNORMAL.wav,C:\Users\Z0343409\OneDrive - ZF Friedrichshafen AG\Desktop\实验音频\cangku\realtime_wav\abnormal\cycle_004075_ABNORMAL.wav,44100,8.0,1.5585720770599778e-05,0.0035826429086300614,0.004350341680175845,6.103515625e-05,0.021484375,0.021484375,0.002840909090909091,保留
cycle_004077_ABNORMAL.wav,C:\Users\Z0343409\OneDrive - ZF Friedrichshafen AG\Desktop\实验音频\cangku\realtime_wav\abnormal\cycle_004077_ABNORMAL.wav,44100,8.0,5.0182071279811414e-05,0.0038671575806232066,0.01297647438295607,0.000396728515625,0.026092529296875,0.026092529296875,0.0152046783625731,保留
cycle_004079_ABNORMAL.wav,C:\Users\Z0343409\OneDrive - ZF Friedrichshafen AG\Desktop\实验音频\cangku\realtime_wav\abnormal\cycle_004079_ABNORMAL.wav,44100,8.0,1.5155503219187201e-05,0.0035208895066433017,0.0043044529487765585,6.103515625e-05,0.023468017578125,0.023468017578125,0.002600780234070221,保留
cycle_004081_ABNORMAL.wav,C:\Users\Z0343409\OneDrive - ZF Friedrichshafen AG\Desktop\实验音频\cangku\realtime_wav\abnormal\cycle_004081_ABNORMAL.wav,44100,8.0,1.4817301828512417e-05,0.003793767625289569,0.0039056956809212715,6.103515625e-05,0.027008056640625,0.027008056640625,0.0022598870056497176,保留
cycle_004083_ABNORMAL.wav,C:\Users\Z0343409\OneDrive - ZF Friedrichshafen AG\Desktop\实验音频\cangku\realtime_wav\abnormal\cycle_004083_ABNORMAL.wav,44100,8.0,1.4679480117652354e-05,0.003614089617174166,0.004061736612145813,6.103515625e-05,0.02288818359375,0.02288818359375,0.0026666666666666666,保留
cycle_004085_ABNORMAL.wav,C:\Users\Z0343409\OneDrive - ZF Friedrichshafen AG\Desktop\实验音频\cangku\realtime_wav\abnormal\cycle_004085_ABNORMAL.wav,44100,8.0,0.003510076435136074,0.0009281725554759788,3.781706768237789,0.030364990234375,0.004364013671875,0.030364990234375,1.0,4秒强信号
cycle_004087_ABNORMAL.wav,C:\Users\Z0343409\OneDrive - ZF Friedrichshafen AG\Desktop\实验音频\cangku\realtime_wav\abnormal\cycle_004087_ABNORMAL.wav,44100,8.0,1.4891939705045237e-05,0.0035077388780186585,0.004245452761140797,6.103515625e-05,0.024078369140625,0.024078369140625,0.0025348542458808617,保留
cycle_004089_ABNORMAL.wav,C:\Users\Z0343409\OneDrive - ZF Friedrichshafen AG\Desktop\实验音频\cangku\realtime_wav\abnormal\cycle_004089_ABNORMAL.wav,44100,8.0,1.4661486141634644e-05,0.003391516773905319,0.0043229879487672405,6.103515625e-05,0.024444580078125,0.024444580078125,0.0024968789013732834,保留
cycle_004091_ABNORMAL.wav,C:\Users\Z0343409\OneDrive - ZF Friedrichshafen AG\Desktop\实验音频\cangku\realtime_wav\abnormal\cycle_004091_ABNORMAL.wav,44100,8.0,3.1413551824275374e-05,0.003645769666205079,0.008616438969106372,0.00048828125,0.0220947265625,0.0220947265625,0.022099447513812154,保留
cycle_004093_ABNORMAL.wav,C:\Users\Z0343409\OneDrive - ZF Friedrichshafen AG\Desktop\实验音频\cangku\realtime_wav\abnormal\cycle_004093_ABNORMAL.wav,44100,8.0,1.701258430120358e-05,0.0037060292867000123,0.004590515342730124,6.103515625e-05,0.02471923828125,0.02471923828125,0.0024691358024691358,保留
cycle_004095_ABNORMAL.wav,C:\Users\Z0343409\OneDrive - ZF Friedrichshafen AG\Desktop\实验音频\cangku\realtime_wav\abnormal\cycle_004095_ABNORMAL.wav,44100,8.0,1.568533263064641e-05,0.0034674304432549055,0.004523618537513461,9.1552734375e-05,0.022552490234375,0.022552490234375,0.0040595399188092015,保留
cycle_004097_ABNORMAL.wav,C:\Users\Z0343409\OneDrive - ZF Friedrichshafen AG\Desktop\实验音频\cangku\realtime_wav\abnormal\cycle_004097_ABNORMAL.wav,44100,8.0,1.9440016162722016e-05,0.003753047799354188,0.005179794450277769,9.1552734375e-05,0.020660400390625,0.020660400390625,0.004431314623338257,保留
cycle_004099_ABNORMAL.wav,C:\Users\Z0343409\OneDrive - ZF Friedrichshafen AG\Desktop\实验音频\cangku\realtime_wav\abnormal\cycle_004099_ABNORMAL.wav,44100,8.0,0.0037808905162375786,0.0009732642114617667,3.8847524358868357,0.025909423828125,0.005462646484375,0.025909423828125,1.0,4秒强信号
cycle_004101_ABNORMAL.wav,C:\Users\Z0343409\OneDrive - ZF Friedrichshafen AG\Desktop\实验音频\cangku\realtime_wav\abnormal\cycle_004101_ABNORMAL.wav,44100,8.0,0.0001319422717131213,0.003678604810125934,0.03586747653619372,0.000823974609375,0.02679443359375,0.02679443359375,0.030751708428246014,保留
cycle_004103_ABNORMAL.wav,C:\Users\Z0343409\OneDrive - ZF Friedrichshafen AG\Desktop\实验音频\cangku\realtime_wav\abnormal\cycle_004103_ABNORMAL.wav,44100,8.0,2.2953830266155607e-05,0.003338969868718548,0.00687452452961637,0.0001220703125,0.025848388671875,0.025848388671875,0.004722550177095631,保留
cycle_004105_ABNORMAL.wav,C:\Users\Z0343409\OneDrive - ZF Friedrichshafen AG\Desktop\实验音频\cangku\realtime_wav\abnormal\cycle_004105_ABNORMAL.wav,44100,8.0,4.057836435874467e-05,0.0035547378746095767,0.011415290181755374,0.00054931640625,0.02545166015625,0.02545166015625,0.02158273381294964,保留
cycle_004107_ABNORMAL.wav,C:\Users\Z0343409\OneDrive - ZF Friedrichshafen AG\Desktop\实验音频\cangku\realtime_wav\abnormal\cycle_004107_ABNORMAL.wav,44100,8.0,1.6260464019135236e-05,0.0035813336742353584,0.004540337622298477,9.1552734375e-05,0.0277099609375,0.0277099609375,0.003303964757709251,保留
cycle_004109_ABNORMAL.wav,C:\Users\Z0343409\OneDrive - ZF Friedrichshafen AG\Desktop\实验音频\cangku\realtime_wav\abnormal\cycle_004109_ABNORMAL.wav,44100,8.0,1.4831547525184358e-05,0.0035374752694860203,0.0041926929222997275,6.103515625e-05,0.0255126953125,0.0255126953125,0.0023923444976076554,保留
cycle_004111_ABNORMAL.wav,C:\Users\Z0343409\OneDrive - ZF Friedrichshafen AG\Desktop\实验音频\cangku\realtime_wav\abnormal\cycle_004111_ABNORMAL.wav,44100,8.0,0.003513288002749162,0.000621753382297772,5.650613414864493,0.0294189453125,0.00482177734375,0.0294189453125,1.0,4秒强信号
cycle_004113_ABNORMAL.wav,C:\Users\Z0343409\OneDrive - ZF Friedrichshafen AG\Desktop\实验音频\cangku\realtime_wav\abnormal\cycle_004113_ABNORMAL.wav,44100,8.0,1.7309467496703516e-05,0.0036135858147313808,0.0047901083256798845,9.1552734375e-05,0.02886962890625,0.02886962890625,0.003171247357293869,保留
cycle_004115_ABNORMAL.wav,C:\Users\Z0343409\OneDrive - ZF Friedrichshafen AG\Desktop\实验音频\cangku\realtime_wav\abnormal\cycle_004115_ABNORMAL.wav,44100,8.0,2.0415644241096556e-05,0.00379743716952848,0.005376163799342472,0.0001220703125,0.030181884765625,0.030181884765625,0.004044489383215369,保留
cycle_004117_ABNORMAL.wav,C:\Users\Z0343409\OneDrive - ZF Friedrichshafen AG\Desktop\实验音频\cangku\realtime_wav\abnormal\cycle_004117_ABNORMAL.wav,44100,8.0,1.804493631735323e-05,0.0035064353911473537,0.005146233797123716,0.0001220703125,0.0260009765625,0.0260009765625,0.004694835680751174,保留
cycle_004119_ABNORMAL.wav,C:\Users\Z0343409\OneDrive - ZF Friedrichshafen AG\Desktop\实验音频\cangku\realtime_wav\abnormal\cycle_004119_ABNORMAL.wav,44100,8.0,0.0034882146057737978,0.0008675305566581953,4.020855033868444,0.027374267578125,0.006072998046875,0.027374267578125,1.0,4秒强信号
cycle_004121_ABNORMAL.wav,C:\Users\Z0343409\OneDrive - ZF Friedrichshafen AG\Desktop\实验音频\cangku\realtime_wav\abnormal\cycle_004121_ABNORMAL.wav,44100,8.0,0.003450256290572183,0.0008604786238798206,4.009694366392611,0.028167724609375,0.00408935546875,0.028167724609375,1.0,4秒强信号
cycle_004123_ABNORMAL.wav,C:\Users\Z0343409\OneDrive - ZF Friedrichshafen AG\Desktop\实验音频\cangku\realtime_wav\abnormal\cycle_004123_ABNORMAL.wav,44100,8.0,1.5944060013174648e-05,0.003731115124902734,0.004273269379108288,6.103515625e-05,0.030792236328125,0.030792236328125,0.0019821605550049554,保留
cycle_004125_ABNORMAL.wav,C:\Users\Z0343409\OneDrive - ZF Friedrichshafen AG\Desktop\实验音频\cangku\realtime_wav\abnormal\cycle_004125_ABNORMAL.wav,44100,8.0,1.735972163204282e-05,0.003460870889196318,0.0050159980501538115,0.0001220703125,0.02978515625,0.02978515625,0.004098360655737705,保留
cycle_004127_ABNORMAL.wav,C:\Users\Z0343409\OneDrive - ZF Friedrichshafen AG\Desktop\实验音频\cangku\realtime_wav\abnormal\cycle_004127_ABNORMAL.wav,44100,8.0,1.4644371385289945e-05,0.0034141053917794996,0.004289372970310388,6.103515625e-05,0.025360107421875,0.025360107421875,0.0024067388688327317,保留
cycle_004129_ABNORMAL.wav,C:\Users\Z0343409\OneDrive - ZF Friedrichshafen AG\Desktop\实验音频\cangku\realtime_wav\abnormal\cycle_004129_ABNORMAL.wav,44100,8.0,2.3785765181292928e-05,0.0035806732857466667,0.00664281918039695,0.000152587890625,0.0262451171875,0.0262451171875,0.005813953488372093,保留
cycle_004131_ABNORMAL.wav,C:\Users\Z0343409\OneDrive - ZF Friedrichshafen AG\Desktop\实验音频\cangku\realtime_wav\abnormal\cycle_004131_ABNORMAL.wav,44100,8.0,1.4700145960643987e-05,0.003454952960544079,0.004254803503411241,6.103515625e-05,0.02264404296875,0.02264404296875,0.0026954177897574125,保留
cycle_004133_ABNORMAL.wav,C:\Users\Z0343409\OneDrive - ZF Friedrichshafen AG\Desktop\实验音频\cangku\realtime_wav\abnormal\cycle_004133_ABNORMAL.wav,44100,8.0,2.406600975643949e-05,0.0037844649687273613,0.006359157755536683,0.000152587890625,0.023101806640625,0.023101806640625,0.0066050198150594455,保留
cycle_004135_ABNORMAL.wav,C:\Users\Z0343409\OneDrive - ZF Friedrichshafen AG\Desktop\实验音频\cangku\realtime_wav\abnormal\cycle_004135_ABNORMAL.wav,44100,8.0,0.00394420308167802,0.0008394962147963348,4.6982976363209685,0.028045654296875,0.004425048828125,0.028045654296875,1.0,4秒强信号
cycle_004137_ABNORMAL.wav,C:\Users\Z0343409\OneDrive - ZF Friedrichshafen AG\Desktop\实验音频\cangku\realtime_wav\abnormal\cycle_004137_ABNORMAL.wav,44100,8.0,4.888815228418481e-05,0.003575454315582908,0.013673270015258062,0.00079345703125,0.021392822265625,0.021392822265625,0.037089871611982884,保留
cycle_004139_ABNORMAL.wav,C:\Users\Z0343409\OneDrive - ZF Friedrichshafen AG\Desktop\实验音频\cangku\realtime_wav\abnormal\cycle_004139_ABNORMAL.wav,44100,8.0,2.4785782304267984e-05,0.0036431839870929685,0.006803329832388036,0.000152587890625,0.0225830078125,0.0225830078125,0.006756756756756757,保留
cycle_004141_ABNORMAL.wav,C:\Users\Z0343409\OneDrive - ZF Friedrichshafen AG\Desktop\实验音频\cangku\realtime_wav\abnormal\cycle_004141_ABNORMAL.wav,44100,8.0,7.964277722142698e-05,0.003806226649062213,0.020924339132838962,0.0006103515625,0.033477783203125,0.033477783203125,0.018231540565177756,保留
cycle_004143_ABNORMAL.wav,C:\Users\Z0343409\OneDrive - ZF Friedrichshafen AG\Desktop\实验音频\cangku\realtime_wav\abnormal\cycle_004143_ABNORMAL.wav,44100,8.0,1.4662386364896576e-05,0.0034008858862033388,0.0043113432368838715,3.0517578125e-05,0.023193359375,0.023193359375,0.0013157894736842105,保留
cycle_004145_ABNORMAL.wav,C:\Users\Z0343409\OneDrive - ZF Friedrichshafen AG\Desktop\实验音频\cangku\realtime_wav\abnormal\cycle_004145_ABNORMAL.wav,44100,8.0,1.4882186997378425e-05,0.0032709484711874208,0.004549807839674065,6.103515625e-05,0.024505615234375,0.024505615234375,0.0024906600249066002,保留
cycle_004147_ABNORMAL.wav,C:\Users\Z0343409\OneDrive - ZF Friedrichshafen AG\Desktop\实验音频\cangku\realtime_wav\abnormal\cycle_004147_ABNORMAL.wav,44100,8.0,1.486621422037413e-05,0.0036511906566705993,0.0040716072148174656,6.103515625e-05,0.03289794921875,0.03289794921875,0.0018552875695732839,保留
cycle_004149_ABNORMAL.wav,C:\Users\Z0343409\OneDrive - ZF Friedrichshafen AG\Desktop\实验音频\cangku\realtime_wav\abnormal\cycle_004149_ABNORMAL.wav,44100,8.0,1.5084794901549345e-05,0.00340910505005011,0.0044248548167583205,6.103515625e-05,0.0333251953125,0.0333251953125,0.0018315018315018315,保留
cycle_004151_ABNORMAL.wav,C:\Users\Z0343409\OneDrive - ZF Friedrichshafen AG\Desktop\实验音频\cangku\realtime_wav\abnormal\cycle_004151_ABNORMAL.wav,44100,8.0,1.541969765163527e-05,0.0033775819957233438,0.004565306681276581,9.1552734375e-05,0.02569580078125,0.02569580078125,0.0035629453681710215,保留
cycle_004153_ABNORMAL.wav,C:\Users\Z0343409\OneDrive - ZF Friedrichshafen AG\Desktop\实验音频\cangku\realtime_wav\abnormal\cycle_004153_ABNORMAL.wav,44100,8.0,1.5653323433441522e-05,0.0034845997097981457,0.004492143929595942,9.1552734375e-05,0.0269775390625,0.0269775390625,0.003393665158371041,保留
cycle_004155_ABNORMAL.wav,C:\Users\Z0343409\OneDrive - ZF Friedrichshafen AG\Desktop\实验音频\cangku\realtime_wav\abnormal\cycle_004155_ABNORMAL.wav,44100,8.0,2.8909999934751696e-05,0.003677259959336871,0.007861831976645216,0.00030517578125,0.02447509765625,0.02447509765625,0.012468827930174564,保留
cycle_004157_ABNORMAL.wav,C:\Users\Z0343409\OneDrive - ZF Friedrichshafen AG\Desktop\实验音频\cangku\realtime_wav\abnormal\cycle_004157_ABNORMAL.wav,44100,8.0,2.8371267095989023e-05,0.0033475472920710555,0.008475240114811442,0.000274658203125,0.022705078125,0.022705078125,0.012096774193548387,保留
cycle_004159_ABNORMAL.wav,C:\Users\Z0343409\OneDrive - ZF Friedrichshafen AG\Desktop\实验音频\cangku\realtime_wav\abnormal\cycle_004159_ABNORMAL.wav,44100,8.0,0.0002627542635849965,0.0035522535369335913,0.07396833048460096,0.002166748046875,0.02593994140625,0.02593994140625,0.08352941176470588,保留
cycle_004161_ABNORMAL.wav,C:\Users\Z0343409\OneDrive - ZF Friedrichshafen AG\Desktop\实验音频\cangku\realtime_wav\abnormal\cycle_004161_ABNORMAL.wav,44100,8.0,1.5846074653011045e-05,0.0037868593902344086,0.004184489842394218,6.103515625e-05,0.033355712890625,0.033355712890625,0.0018298261665141812,保留
cycle_004163_ABNORMAL.wav,C:\Users\Z0343409\OneDrive - ZF Friedrichshafen AG\Desktop\实验音频\cangku\realtime_wav\abnormal\cycle_004163_ABNORMAL.wav,44100,8.0,1.5486320485394517e-05,0.0038261702023499006,0.004047472973335937,9.1552734375e-05,0.032379150390625,0.032379150390625,0.002827521206409048,保留
cycle_004165_ABNORMAL.wav,C:\Users\Z0343409\OneDrive - ZF Friedrichshafen AG\Desktop\实验音频\cangku\realtime_wav\abnormal\cycle_004165_ABNORMAL.wav,44100,8.0,1.5146791657152698e-05,0.003421819742682408,0.0044265311431276435,6.103515625e-05,0.024993896484375,0.024993896484375,0.002442002442002442,保留
cycle_004167_ABNORMAL.wav,C:\Users\Z0343409\OneDrive - ZF Friedrichshafen AG\Desktop\实验音频\cangku\realtime_wav\abnormal\cycle_004167_ABNORMAL.wav,44100,8.0,1.4597428389889886e-05,0.0035619652124307473,0.004098138954009701,6.103515625e-05,0.025909423828125,0.025909423828125,0.002355712603062426,保留
cycle_004169_ABNORMAL.wav,C:\Users\Z0343409\OneDrive - ZF Friedrichshafen AG\Desktop\实验音频\cangku\realtime_wav\abnormal\cycle_004169_ABNORMAL.wav,44100,8.0,6.929256003021517e-05,0.0037147322041967763,0.018653446930018486,0.000396728515625,0.037750244140625,0.037750244140625,0.010509296685529508,保留
cycle_004171_ABNORMAL.wav,C:\Users\Z0343409\OneDrive - ZF Friedrichshafen AG\Desktop\实验音频\cangku\realtime_wav\abnormal\cycle_004171_ABNORMAL.wav,44100,8.0,1.4921159580943862e-05,0.003656608313636729,0.0040806010108596575,6.103515625e-05,0.026641845703125,0.026641845703125,0.002290950744558992,保留
cycle_004173_ABNORMAL.wav,C:\Users\Z0343409\OneDrive - ZF Friedrichshafen AG\Desktop\实验音频\cangku\realtime_wav\abnormal\cycle_004173_ABNORMAL.wav,44100,8.0,1.4735121801956356e-05,0.00360677923898047,0.0040853960904248575,6.103515625e-05,0.027862548828125,0.027862548828125,0.002190580503833516,保留
cycle_004175_ABNORMAL.wav,C:\Users\Z0343409\OneDrive - ZF Friedrichshafen AG\Desktop\实验音频\cangku\realtime_wav\abnormal\cycle_004175_ABNORMAL.wav,44100,8.0,0.0036696955295307675,0.0009257035895416982,3.964223074199786,0.027374267578125,0.0047607421875,0.027374267578125,1.0,4秒强信号
cycle_004177_ABNORMAL.wav,C:\Users\Z0343409\OneDrive - ZF Friedrichshafen AG\Desktop\实验音频\cangku\realtime_wav\abnormal\cycle_004177_ABNORMAL.wav,44100,8.0,1.650698300594764e-05,0.0035110541497041766,0.0047014321916221185,6.103515625e-05,0.02093505859375,0.02093505859375,0.0029154518950437317,保留
cycle_004179_ABNORMAL.wav,C:\Users\Z0343409\OneDrive - ZF Friedrichshafen AG\Desktop\实验音频\cangku\realtime_wav\abnormal\cycle_004179_ABNORMAL.wav,44100,8.0,1.4731538357885381e-05,0.003287502997169352,0.004481072221248077,6.103515625e-05,0.021087646484375,0.021087646484375,0.002894356005788712,保留
cycle_004181_ABNORMAL.wav,C:\Users\Z0343409\OneDrive - ZF Friedrichshafen AG\Desktop\实验音频\cangku\realtime_wav\abnormal\cycle_004181_ABNORMAL.wav,44100,8.0,1.5558597459603342e-05,0.003465467420465713,0.004489610079067624,6.103515625e-05,0.020050048828125,0.020050048828125,0.0030441400304414,保留
cycle_004183_ABNORMAL.wav,C:\Users\Z0343409\OneDrive - ZF Friedrichshafen AG\Desktop\实验音频\cangku\realtime_wav\abnormal\cycle_004183_ABNORMAL.wav,44100,8.0,1.753372414916138e-05,0.0034423596846237326,0.005093518910147795,0.0001220703125,0.034332275390625,0.034332275390625,0.0035555555555555557,保留
cycle_004185_ABNORMAL.wav,C:\Users\Z0343409\OneDrive - ZF Friedrichshafen AG\Desktop\实验音频\cangku\realtime_wav\abnormal\cycle_004185_ABNORMAL.wav,44100,8.0,4.7614516652206764e-05,0.0036705644487123787,0.012971987637735055,0.000701904296875,0.0289306640625,0.0289306640625,0.024261603375527425,保留
cycle_004187_ABNORMAL.wav,C:\Users\Z0343409\OneDrive - ZF Friedrichshafen AG\Desktop\实验音频\cangku\realtime_wav\abnormal\cycle_004187_ABNORMAL.wav,44100,8.0,2.1704821628678767e-05,0.003437786440802897,0.006313603826888558,0.0001220703125,0.0234375,0.0234375,0.005208333333333333,保留
cycle_004189_ABNORMAL.wav,C:\Users\Z0343409\OneDrive - ZF Friedrichshafen AG\Desktop\实验音频\cangku\realtime_wav\abnormal\cycle_004189_ABNORMAL.wav,44100,8.0,0.00021551074815206236,0.003465868018233261,0.06218088715966737,0.00146484375,0.0223388671875,0.0223388671875,0.06557377049180328,保留
cycle_004191_ABNORMAL.wav,C:\Users\Z0343409\OneDrive - ZF Friedrichshafen AG\Desktop\实验音频\cangku\realtime_wav\abnormal\cycle_004191_ABNORMAL.wav,44100,8.0,1.518943057132312e-05,0.0035813533578949795,0.004241254367664811,6.103515625e-05,0.02191162109375,0.02191162109375,0.002785515320334262,保留
cycle_004193_ABNORMAL.wav,C:\Users\Z0343409\OneDrive - ZF Friedrichshafen AG\Desktop\实验音频\cangku\realtime_wav\abnormal\cycle_004193_ABNORMAL.wav,44100,8.0,1.482531671724689e-05,0.0034194120647547516,0.0043356332715958285,6.103515625e-05,0.022796630859375,0.022796630859375,0.002677376171352075,保留
cycle_004195_ABNORMAL.wav,C:\Users\Z0343409\OneDrive - ZF Friedrichshafen AG\Desktop\实验音频\cangku\realtime_wav\abnormal\cycle_004195_ABNORMAL.wav,44100,8.0,1.5110148250578413e-05,0.0034432925916599035,0.004388284715384667,6.103515625e-05,0.0263671875,0.0263671875,0.0023148148148148147,保留
cycle_004197_ABNORMAL.wav,C:\Users\Z0343409\OneDrive - ZF Friedrichshafen AG\Desktop\实验音频\cangku\realtime_wav\abnormal\cycle_004197_ABNORMAL.wav,44100,8.0,1.4718989433368179e-05,0.0034733139987479186,0.0042377364783817905,6.103515625e-05,0.02325439453125,0.02325439453125,0.0026246719160104987,保留
cycle_004199_ABNORMAL.wav,C:\Users\Z0343409\OneDrive - ZF Friedrichshafen AG\Desktop\实验音频\cangku\realtime_wav\abnormal\cycle_004199_ABNORMAL.wav,44100,8.0,0.00017700477184437813,0.0035754254593337417,0.04950593261070582,0.00189208984375,0.030181884765625,0.030181884765625,0.06268958543983821,保留
cycle_004201_ABNORMAL.wav,C:\Users\Z0343409\OneDrive - ZF Friedrichshafen AG\Desktop\实验音频\cangku\realtime_wav\abnormal\cycle_004201_ABNORMAL.wav,44100,8.0,1.482798738410446e-05,0.0033309532060784974,0.004451574809590712,6.103515625e-05,0.0240478515625,0.0240478515625,0.0025380710659898475,保留
cycle_004203_ABNORMAL.wav,C:\Users\Z0343409\OneDrive - ZF Friedrichshafen AG\Desktop\实验音频\cangku\realtime_wav\abnormal\cycle_004203_ABNORMAL.wav,44100,8.0,1.758784071040066e-05,0.003376307131373317,0.005209194550747752,9.1552734375e-05,0.02587890625,0.02587890625,0.003537735849056604,保留
cycle_004205_ABNORMAL.wav,C:\Users\Z0343409\OneDrive - ZF Friedrichshafen AG\Desktop\实验音频\cangku\realtime_wav\abnormal\cycle_004205_ABNORMAL.wav,44100,8.0,1.556114227833087e-05,0.003424576641710327,0.004543960876448427,6.103515625e-05,0.026214599609375,0.026214599609375,0.002328288707799767,保留
cycle_004207_ABNORMAL.wav,C:\Users\Z0343409\OneDrive - ZF Friedrichshafen AG\Desktop\实验音频\cangku\realtime_wav\abnormal\cycle_004207_ABNORMAL.wav,44100,8.0,1.4746761981417258e-05,0.0034719974965847166,0.004247342342822291,6.103515625e-05,0.022857666015625,0.022857666015625,0.0026702269692923898,保留
cycle_004209_ABNORMAL.wav,C:\Users\Z0343409\OneDrive - ZF Friedrichshafen AG\Desktop\实验音频\cangku\realtime_wav\abnormal\cycle_004209_ABNORMAL.wav,44100,8.0,1.8907198404703403e-05,0.0035568987096119514,0.0053156415035406305,9.1552734375e-05,0.02203369140625,0.02203369140625,0.004155124653739612,保留
cycle_004211_ABNORMAL.wav,C:\Users\Z0343409\OneDrive - ZF Friedrichshafen AG\Desktop\实验音频\cangku\realtime_wav\abnormal\cycle_004211_ABNORMAL.wav,44100,8.0,1.737112275083047e-05,0.003500012388473583,0.0049631603613855555,9.1552734375e-05,0.020050048828125,0.020050048828125,0.0045662100456621,保留
cycle_004213_ABNORMAL.wav,C:\Users\Z0343409\OneDrive - ZF Friedrichshafen AG\Desktop\实验音频\cangku\realtime_wav\abnormal\cycle_004213_ABNORMAL.wav,44100,8.0,2.5144766220257637e-05,0.0036266959021498853,0.006933243618620452,0.0001220703125,0.026153564453125,0.026153564453125,0.004667444574095682,保留
cycle_004215_ABNORMAL.wav,C:\Users\Z0343409\OneDrive - ZF Friedrichshafen AG\Desktop\实验音频\cangku\realtime_wav\abnormal\cycle_004215_ABNORMAL.wav,44100,8.0,0.003509699762316747,0.00048013700733437356,7.309788057791902,0.0238037109375,0.0029296875,0.0238037109375,1.0,4秒强信号
cycle_004217_ABNORMAL.wav,C:\Users\Z0343409\OneDrive - ZF Friedrichshafen AG\Desktop\实验音频\cangku\realtime_wav\abnormal\cycle_004217_ABNORMAL.wav,44100,8.0,1.492204413852717e-05,0.0036562773804462777,0.00408121227845843,6.103515625e-05,0.028778076171875,0.028778076171875,0.0021208907741251328,保留
cycle_004219_ABNORMAL.wav,C:\Users\Z0343409\OneDrive - ZF Friedrichshafen AG\Desktop\实验音频\cangku\realtime_wav\abnormal\cycle_004219_ABNORMAL.wav,44100,8.0,1.4845779551992783e-05,0.0035485573280365132,0.004183609895407057,6.103515625e-05,0.02825927734375,0.02825927734375,0.0021598272138228943,保留
cycle_004221_ABNORMAL.wav,C:\Users\Z0343409\OneDrive - ZF Friedrichshafen AG\Desktop\实验音频\cangku\realtime_wav\abnormal\cycle_004221_ABNORMAL.wav,44100,8.0,1.6977635676334467e-05,0.0035947546335058,0.004722891381261523,9.1552734375e-05,0.02764892578125,0.02764892578125,0.0033112582781456954,保留
cycle_004223_ABNORMAL.wav,C:\Users\Z0343409\OneDrive - ZF Friedrichshafen AG\Desktop\实验音频\cangku\realtime_wav\abnormal\cycle_004223_ABNORMAL.wav,44100,8.0,0.003376157386272529,0.0009058623964059694,3.727009090638395,0.021697998046875,0.005645751953125,0.021697998046875,1.0,4秒强信号
cycle_004225_ABNORMAL.wav,C:\Users\Z0343409\OneDrive - ZF Friedrichshafen AG\Desktop\实验音频\cangku\realtime_wav\abnormal\cycle_004225_ABNORMAL.wav,44100,8.0,1.5256193809642979e-05,0.003493199797066503,0.004367398000668249,6.103515625e-05,0.027984619140625,0.027984619140625,0.0021810250817884407,保留
cycle_004227_ABNORMAL.wav,C:\Users\Z0343409\OneDrive - ZF Friedrichshafen AG\Desktop\实验音频\cangku\realtime_wav\abnormal\cycle_004227_ABNORMAL.wav,44100,8.0,1.5600110848510993e-05,0.0033703151328084275,0.0046286801779012515,6.103515625e-05,0.021240234375,0.021240234375,0.0028735632183908046,保留
cycle_004229_ABNORMAL.wav,C:\Users\Z0343409\OneDrive - ZF Friedrichshafen AG\Desktop\实验音频\cangku\realtime_wav\abnormal\cycle_004229_ABNORMAL.wav,44100,8.0,1.478519882583479e-05,0.0034561933392591483,0.004277885342202549,6.103515625e-05,0.039276123046875,0.039276123046875,0.001554001554001554,保留
cycle_004231_ABNORMAL.wav,C:\Users\Z0343409\OneDrive - ZF Friedrichshafen AG\Desktop\实验音频\cangku\realtime_wav\abnormal\cycle_004231_ABNORMAL.wav,44100,8.0,1.4896370643197098e-05,0.003595630025610135,0.004142909736846288,6.103515625e-05,0.023590087890625,0.023590087890625,0.00258732212160414,保留
cycle_004233_ABNORMAL.wav,C:\Users\Z0343409\OneDrive - ZF Friedrichshafen AG\Desktop\实验音频\cangku\realtime_wav\abnormal\cycle_004233_ABNORMAL.wav,44100,8.0,1.475213127414257e-05,0.0037048926777125627,0.00398179719560748,6.103515625e-05,0.026123046875,0.026123046875,0.002336448598130841,保留
cycle_004235_ABNORMAL.wav,C:\Users\Z0343409\OneDrive - ZF Friedrichshafen AG\Desktop\实验音频\cangku\realtime_wav\abnormal\cycle_004235_ABNORMAL.wav,44100,8.0,2.1890113745109098e-05,0.003569743446208306,0.0061321252003026265,0.000152587890625,0.02410888671875,0.02410888671875,0.006329113924050633,保留
cycle_004237_ABNORMAL.wav,C:\Users\Z0343409\OneDrive - ZF Friedrichshafen AG\Desktop\实验音频\cangku\realtime_wav\abnormal\cycle_004237_ABNORMAL.wav,44100,8.0,0.0004356146112628669,0.0036297880453240385,0.12001103255162071,0.001678466796875,0.02874755859375,0.02874755859375,0.058386411889596604,保留
cycle_004239_ABNORMAL.wav,C:\Users\Z0343409\OneDrive - ZF Friedrichshafen AG\Desktop\实验音频\cangku\realtime_wav\abnormal\cycle_004239_ABNORMAL.wav,44100,8.0,4.7688473141945695e-05,0.003615276310194575,0.013190823895664863,0.000244140625,0.023040771484375,0.023040771484375,0.010596026490066225,保留
cycle_004241_ABNORMAL.wav,C:\Users\Z0343409\OneDrive - ZF Friedrichshafen AG\Desktop\实验音频\cangku\realtime_wav\abnormal\cycle_004241_ABNORMAL.wav,44100,8.0,1.8466450104088498e-05,0.0035317394995406978,0.0052287123969619095,0.0001220703125,0.022979736328125,0.022979736328125,0.005312084993359893,保留
cycle_004243_ABNORMAL.wav,C:\Users\Z0343409\OneDrive - ZF Friedrichshafen AG\Desktop\实验音频\cangku\realtime_wav\abnormal\cycle_004243_ABNORMAL.wav,44100,8.0,5.319502476163993e-05,0.0035203129107117693,0.01511087966066189,0.000335693359375,0.02777099609375,0.02777099609375,0.012087912087912088,保留
cycle_004245_ABNORMAL.wav,C:\Users\Z0343409\OneDrive - ZF Friedrichshafen AG\Desktop\实验音频\cangku\realtime_wav\abnormal\cycle_004245_ABNORMAL.wav,44100,8.0,1.6309094764799478e-05,0.0034733880146328023,0.004695442805725128,9.1552734375e-05,0.026885986328125,0.026885986328125,0.00340522133938706,保留
cycle_004247_ABNORMAL.wav,C:\Users\Z0343409\OneDrive - ZF Friedrichshafen AG\Desktop\实验音频\cangku\realtime_wav\abnormal\cycle_004247_ABNORMAL.wav,44100,8.0,1.7045138367179402e-05,0.0035144477712752073,0.0048500189721114055,9.1552734375e-05,0.022308349609375,0.022308349609375,0.004103967168262654,保留
cycle_004249_ABNORMAL.wav,C:\Users\Z0343409\OneDrive - ZF Friedrichshafen AG\Desktop\实验音频\cangku\realtime_wav\abnormal\cycle_004249_ABNORMAL.wav,44100,8.0,0.0001668951444053182,0.0037006875616232065,0.04509841526100468,0.001556396484375,0.025482177734375,0.025482177734375,0.06107784431137724,保留
cycle_004251_ABNORMAL.wav,C:\Users\Z0343409\OneDrive - ZF Friedrichshafen AG\Desktop\实验音频\cangku\realtime_wav\abnormal\cycle_004251_ABNORMAL.wav,44100,8.0,7.158610751523704e-05,0.0035215902164572703,0.020327778962099932,0.00054931640625,0.024749755859375,0.024749755859375,0.02219482120838471,保留
cycle_004253_ABNORMAL.wav,C:\Users\Z0343409\OneDrive - ZF Friedrichshafen AG\Desktop\实验音频\cangku\realtime_wav\abnormal\cycle_004253_ABNORMAL.wav,44100,8.0,0.0003172365254363198,0.00386766894860451,0.08202266782703355,0.001922607421875,0.024658203125,0.024658203125,0.07797029702970297,保留
cycle_004255_ABNORMAL.wav,C:\Users\Z0343409\OneDrive - ZF Friedrichshafen AG\Desktop\实验音频\cangku\realtime_wav\abnormal\cycle_004255_ABNORMAL.wav,44100,8.0,1.9998254604554508e-05,0.0036309832244573815,0.005507669236765221,0.000152587890625,0.0296630859375,0.0296630859375,0.0051440329218107,保留
cycle_004257_ABNORMAL.wav,C:\Users\Z0343409\OneDrive - ZF Friedrichshafen AG\Desktop\实验音频\cangku\realtime_wav\abnormal\cycle_004257_ABNORMAL.wav,44100,8.0,0.00022255714696154408,0.00360628356137102,0.06171371251708597,0.001312255859375,0.023529052734375,0.023529052734375,0.055771725032425425,保留
cycle_004259_ABNORMAL.wav,C:\Users\Z0343409\OneDrive - ZF Friedrichshafen AG\Desktop\实验音频\cangku\realtime_wav\abnormal\cycle_004259_ABNORMAL.wav,44100,8.0,1.4645272660570689e-05,0.0034857975025627814,0.004201412345325105,6.103515625e-05,0.02655029296875,0.02655029296875,0.0022988505747126436,保留
cycle_004261_ABNORMAL.wav,C:\Users\Z0343409\OneDrive - ZF Friedrichshafen AG\Desktop\实验音频\cangku\realtime_wav\abnormal\cycle_004261_ABNORMAL.wav,44100,8.0,3.090438162396638e-05,0.0037110223105009774,0.00832772725092951,0.000396728515625,0.022308349609375,0.022308349609375,0.017783857729138167,保留
cycle_004263_ABNORMAL.wav,C:\Users\Z0343409\OneDrive - ZF Friedrichshafen AG\Desktop\实验音频\cangku\realtime_wav\abnormal\cycle_004263_ABNORMAL.wav,44100,8.0,2.3000360094843422e-05,0.003547114833594557,0.00648424456885582,0.0001220703125,0.023406982421875,0.023406982421875,0.005215123859191656,保留
cycle_004265_ABNORMAL.wav,C:\Users\Z0343409\OneDrive - ZF Friedrichshafen AG\Desktop\实验音频\cangku\realtime_wav\abnormal\cycle_004265_ABNORMAL.wav,44100,8.0,1.4854667644480307e-05,0.0036839529314083835,0.004032263148053125,6.103515625e-05,0.02398681640625,0.02398681640625,0.002544529262086514,保留
cycle_004267_ABNORMAL.wav,C:\Users\Z0343409\OneDrive - ZF Friedrichshafen AG\Desktop\实验音频\cangku\realtime_wav\abnormal\cycle_004267_ABNORMAL.wav,44100,8.0,0.003629809055601804,0.0007420570126450251,4.891550101606791,0.023162841796875,0.004852294921875,0.023162841796875,1.0,4秒强信号
cycle_004269_ABNORMAL.wav,C:\Users\Z0343409\OneDrive - ZF Friedrichshafen AG\Desktop\实验音频\cangku\realtime_wav\abnormal\cycle_004269_ABNORMAL.wav,44100,8.0,2.5271477836766942e-05,0.0036574965727513955,0.006909501440149313,0.000152587890625,0.0286865234375,0.0286865234375,0.005319148936170213,保留
cycle_004271_ABNORMAL.wav,C:\Users\Z0343409\OneDrive - ZF Friedrichshafen AG\Desktop\实验音频\cangku\realtime_wav\abnormal\cycle_004271_ABNORMAL.wav,44100,8.0,0.003422896388487107,0.0007029227749586678,4.869519825543247,0.02789306640625,0.0035400390625,0.02789306640625,1.0,4秒强信号
cycle_004273_ABNORMAL.wav,C:\Users\Z0343409\OneDrive - ZF Friedrichshafen AG\Desktop\实验音频\cangku\realtime_wav\abnormal\cycle_004273_ABNORMAL.wav,44100,8.0,0.0038184412015929946,0.0009479398968930113,4.028146946983033,0.024993896484375,0.00543212890625,0.024993896484375,1.0,4秒强信号
cycle_004275_ABNORMAL.wav,C:\Users\Z0343409\OneDrive - ZF Friedrichshafen AG\Desktop\实验音频\cangku\realtime_wav\abnormal\cycle_004275_ABNORMAL.wav,44100,8.0,2.1406004817306145e-05,0.003645550304301123,0.00587181715530046,0.0001220703125,0.028228759765625,0.028228759765625,0.004324324324324324,保留
cycle_004277_ABNORMAL.wav,C:\Users\Z0343409\OneDrive - ZF Friedrichshafen AG\Desktop\实验音频\cangku\realtime_wav\abnormal\cycle_004277_ABNORMAL.wav,44100,8.0,1.47566041923722e-05,0.003444251744930323,0.004284415102378275,6.103515625e-05,0.021820068359375,0.021820068359375,0.002797202797202797,保留
